longueur d'onde;nitrate de baryum;chlorure de cuivre(II);chlorure de sodium
nm;1u = 3lux;1u = 3lux;1u = 3lux
365,089;24,7668;1031,13;1031,13
365,089;29,7874;2492,58;2492,58
365,089;29,07;94,205;94,205
365,089;29,729;1817,32;1817,32
365,089;34,73;155,435;155,435
365,089;42,202;1245,24;1245,24
365,089;43,859;1078,08;1078,08
365,089;0;1259,04;1259,04
365,089;43,692;2286,3;2286,3
365,089;8,822;800,728;800,728
365,089;30,876;1217,65;1217,65
365,089;4,193;96,283;96,283
365,089;31,862;1964,61;1964,61
365,089;15,049;1034,99;1034,99
365,089;27,228;179,663;179,663
365,089;25,943;709,24;709,24
365,089;6,564;157,263;157,263
365,089;40,852;461,72;461,72
365,089;46,424;205,295;205,295
365,089;47,206;204,268;204,268
365,089;0;699,181;699,181
365,089;26,029;1657,02;1657,02
365,089;20,578;164,623;164,623
365,089;41,679;2404,21;2404,21
365,089;40,621;1303,91;1303,91
365,089;32,327;149,359;149,359
365,089;30,2;157,493;157,493
365,089;46,694;1094,67;1094,67
365,089;26,504;134,485;134,485
365,089;10,281;822,27;822,27
365,089;1,795;2021,52;2021,52
365,089;34,223;212,38;212,38
365,089;20,413;1139,94;1139,94
365,089;10,489;1043,86;1043,86
365,089;27,98;1583,79;1583,79
365,089;10,243;1202,28;1202,28
365,089;47,756;1190,25;1190,25
365,089;28,935;172,955;172,955
365,089;18,964;1358,43;1358,43
365,089;30,315;214,312;214,312
365,089;21,756;148,698;148,698
365,089;18,372;149,864;149,864
365,089;16,23;1367,41;1367,41
365,089;7,205;1172,46;1172,46
365,089;39,714;175,558;175,558
365,089;32,466;1309,54;1309,54
365,089;23,874;2288,48;2288,48
365,089;38,923;203,038;203,038
365,089;9,705;1489,78;1489,78
365,089;8,004;140,273;140,273
365,089;31,622;1013,91;1013,91
365,089;12,111;188,851;188,851
365,089;45,841;3682,84;3682,84
365,089;2,42;173,263;173,263
365,089;16,701;2217,26;2217,26
365,089;21,948;3532,68;3532,68
365,089;40,097;1121,31;1121,31
365,089;11,928;888,634;888,634
365,089;31,978;211,604;211,604
365,089;0,796;144,782;144,782
365,089;29,129;192,32;192,32
365,089;29,171;873,969;873,969
365,089;42,68;142,169;142,169
365,089;13,168;1441,74;1441,74
365,089;23,175;1813,28;1813,28
365,089;6,207;153,194;153,194
365,089;26,575;1980,46;1980,46
365,089;23,832;1345,94;1345,94
365,089;30,264;1589,84;1589,84
365,089;25,262;2277,53;2277,53
365,089;47,356;1682,75;1682,75
365,089;12,983;102,759;102,759
365,089;20,821;2361,56;2361,56
365,089;57,539;1321,16;1321,16
365,089;25,367;1858,46;1858,46
365,089;21,127;132,753;132,753
365,089;34,748;1815,71;1815,71
365,089;16,237;131,55;131,55
365,089;16,789;1678,53;1678,53
365,089;34,251;2967,39;2967,39
365,089;0;701,42;701,42
365,089;32,618;1835,32;1835,32
365,089;16,007;2450,67;2450,67
365,089;33,449;1476,47;1476,47
365,089;30,186;1661,73;1661,73
365,089;10,606;1690,25;1690,25
365,089;21,951;1230,32;1230,32
365,089;18,607;751,96;751,96
365,089;22,632;1349,17;1349,17
365,089;28,958;1381,13;1381,13
365,089;32,14;217,403;217,403
365,089;11,742;1459,33;1459,33
365,089;12,575;923,31;923,31
365,089;34,989;1524,36;1524,36
365,089;17,958;509,225;509,225
365,089;25,09;130,137;130,137
365,089;20,792;1184,23;1184,23
365,089;12,304;1192,69;1192,69
365,089;28,891;995,669;995,669
365,089;10,243;1052,64;1052,64
365,089;44,083;1016,59;1016,59
365,089;31,912;1506,08;1506,08
365,089;53,448;1231,35;1231,35
365,089;18,262;976,273;976,273
365,089;30,855;954,831;954,831
365,089;49,34;2827,44;2827,44
365,089;27,202;2082,01;2082,01
365,089;4,524;1209,19;1209,19
365,089;19,759;612,787;612,787
365,089;25,283;2032;2032
365,089;9,248;1262,71;1262,71
365,089;5,556;2332,3;2332,3
365,089;36,27;1078,81;1078,81
365,089;33,959;645,546;645,546
365,089;17,263;721,976;721,976
365,089;4,316;815,003;815,003
365,089;27,408;894,918;894,918
365,089;37,075;1831,13;1831,13
365,089;31,868;925,762;925,762
365,089;10,843;712,693;712,693
365,089;18,766;1885,61;1885,61
365,089;11,111;747,945;747,945
365,089;42,549;2538,95;2538,95
365,089;26,683;3070,18;3070,18
365,089;22,294;864,602;864,602
365,089;39,728;1081,37;1081,37
365,089;40,695;1111,27;1111,27
387,111;42,215;940,362;940,362
387,285;20,37;1013,24;1013,24
387,458;34,239;1504,16;1504,16
387,632;23,969;840,746;840,746
387,805;19,857;1372;1372
387,978;33,537;2372,33;2372,33
388,152;26,187;926,268;926,268
388,325;14,707;1045,51;1045,51
388,498;23,463;860,886;860,886
388,672;30,884;1550,89;1550,89
388,845;35,637;689,711;689,711
389,018;22,16;778,751;778,751
389,192;34,501;963,432;963,432
389,365;26,798;1147,54;1147,54
389,538;36,83;1289,7;1289,7
389,712;29,264;963,139;963,139
389,885;26,576;902,527;902,527
390,058;15,743;1074,99;1074,99
390,232;29,329;723,066;723,066
390,405;25,361;1157,32;1157,32
390,578;40,936;2331,29;2331,29
390,752;19,493;1072,92;1072,92
390,925;33,882;919,735;919,735
391,098;15,829;856,994;856,994
391,272;43,255;759,596;759,596
391,445;28,611;1317,56;1317,56
391,619;28,041;989,375;989,375
391,792;47,409;1249,71;1249,71
391,965;32,846;816,932;816,932
392,139;26,181;1101,55;1101,55
392,312;27,305;550,394;550,394
392,485;20,983;1506,76;1506,76
392,659;12,673;657,972;657,972
392,832;49,325;955,229;955,229
393,005;59,852;1407,73;1407,73
393,179;36,653;1231,43;1231,43
393,352;21,218;1059,84;1059,84
393,525;24,755;1105,64;1105,64
393,699;32,387;712,683;712,683
393,872;20,132;1213,09;1213,09
394,045;21,409;666,573;666,573
394,219;21,979;1009,85;1009,85
394,392;16,122;792,552;792,552
394,565;30,069;728,486;728,486
394,738;30,968;933,227;933,227
394,912;21,723;1281,14;1281,14
395,085;34,531;1069,45;1069,45
395,258;33,416;1322,92;1322,92
395,432;11,412;680,293;680,293
395,605;22,318;1126,05;1126,05
395,778;26,661;941,335;941,335
395,952;33,861;782,675;782,675
396,125;21,919;1142,05;1142,05
396,298;39,745;839,007;839,007
396,472;13,73;738,083;738,083
396,645;31,354;596,777;596,777
396,818;52,678;712,619;712,619
396,992;37,895;628,125;628,125
397,165;28,867;697,232;697,232
397,338;24,206;868,218;868,218
397,512;23,088;860,333;860,333
397,685;23,453;899,424;899,424
397,858;32,52;1177,84;1177,84
398,032;39,491;1268,44;1268,44
398,205;24,51;772,263;772,263
398,378;23,583;891,454;891,454
398,551;40,566;967,768;967,768
398,725;0;916,771;916,771
398,898;31,488;916,727;916,727
399,071;30,61;1094,98;1094,98
399,245;37,371;749,015;749,015
399,418;12,879;735,513;735,513
399,591;27,382;699,226;699,226
399,765;25,205;1143,2;1143,2
399,938;34,79;1198,22;1198,22
400,111;39,381;1061,09;1061,09
400,285;17,518;787,101;787,101
400,458;52,335;879,987;879,987
400,631;32,455;581,067;581,067
400,804;20,387;716,524;716,524
400,978;10,722;993,627;993,627
401,151;47,654;719,796;719,796
401,324;28,301;705,142;705,142
401,498;26,165;891,948;891,948
401,671;35,805;894,786;894,786
401,844;27,419;713,917;713,917
402,017;47,061;948,875;948,875
402,191;32,521;1544,47;1544,47
402,364;9,951;606,496;606,496
402,537;31,219;642,562;642,562
402,711;27,82;805,708;805,708
402,884;34,782;1030,48;1030,48
403,057;18,411;491,435;491,435
403,231;31,841;636,271;636,271
403,404;30,864;770,604;770,604
403,577;28,807;651,633;651,633
403,75;10,022;636,188;636,188
403,924;48,248;741,554;741,554
404,097;22,602;902,886;902,886
404,27;32,078;493,298;493,298
404,444;19,169;816,912;816,912
404,617;37,823;661,018;661,018
404,79;40,384;902,908;902,908
404,963;22,696;1170,4;1170,4
405,137;13,13;466,186;466,186
405,31;24,63;623,447;623,447
405,483;1,878;989,42;989,42
405,657;10,409;477,711;477,711
405,83;25,419;905,194;905,194
406,003;49,233;858,537;858,537
406,176;31,271;589,332;589,332
406,35;22,637;646,107;646,107
406,523;29,485;703,317;703,317
406,696;21,985;600,684;600,684
406,869;32,887;579,333;579,333
407,043;24,762;753,362;753,362
407,216;21,882;788,084;788,084
407,389;39,743;674,446;674,446
407,563;5,39;373,085;373,085
407,736;25,141;582,185;582,185
407,909;24,729;879,01;879,01
408,082;25,959;634,71;634,71
408,256;17,012;693,287;693,287
408,429;44,983;928,198;928,198
408,602;1,163;727,235;727,235
408,775;46,717;677,23;677,23
408,949;33,438;530,096;530,096
409,122;27,552;952,478;952,478
409,295;30,394;496,583;496,583
409,468;0;681,546;681,546
409,642;44,057;612,283;612,283
409,815;33,643;771,722;771,722
409,988;24,808;602,781;602,781
410,162;28,444;717,509;717,509
410,335;12,187;429,373;429,373
410,508;60,08;980,745;980,745
410,681;26,423;763,791;763,791
410,855;12,942;737,963;737,963
411,028;14,54;500,595;500,595
411,201;20,492;562,538;562,538
411,374;38,99;741,967;741,967
411,548;29,201;497,983;497,983
411,721;30,236;465,992;465,992
411,894;0;335,735;335,735
412,067;0;489,887;489,887
412,241;49,247;689,839;689,839
412,414;39,879;482,309;482,309
412,587;26,581;846,87;846,87
412,76;26,266;461,12;461,12
412,934;5,652;484,422;484,422
413,107;42,52;672,241;672,241
413,28;41,386;651,014;651,014
413,453;50,133;518,504;518,504
413,627;32,222;578,936;578,936
413,8;38,261;512,925;512,925
413,973;27,93;635,375;635,375
414,146;36,894;526,748;526,748
414,32;43,773;830,025;830,025
414,493;17,611;512,487;512,487
414,666;6,122;497,308;497,308
414,839;28,225;670,045;670,045
415,012;27,849;468,184;468,184
415,186;18,1;644,857;644,857
415,359;32,291;795,896;795,896
415,532;30,486;526,781;526,781
415,705;48,175;560,172;560,172
415,879;44,026;601,184;601,184
416,052;11,277;838,72;838,72
416,225;26,735;856,729;856,729
416,398;35,071;533,887;533,887
416,572;26,248;776,812;776,812
416,745;18,073;701,331;701,331
416,918;24,53;722,871;722,871
417,091;8,432;550,968;550,968
417,265;25,475;587,986;587,986
417,438;34,964;685,91;685,91
417,611;15,015;354,666;354,666
417,784;0,823;512,749;512,749
417,957;27,59;526,423;526,423
418,131;1,101;635,429;635,429
418,304;42,876;671,139;671,139
418,477;6,282;336,951;336,951
418,65;27,427;494,057;494,057
418,824;25,27;595,348;595,348
418,997;14,184;536,181;536,181
419,17;41,395;646,011;646,011
419,343;22,877;413,884;413,884
419,516;45,682;638,773;638,773
419,69;17,977;638,412;638,412
419,863;18,135;668,967;668,967
420,036;25,363;540,733;540,733
420,209;25,635;430,359;430,359
420,383;37,092;641,114;641,114
420,556;17,078;614,276;614,276
420,729;30,927;515,052;515,052
420,902;27,509;588,52;588,52
421,075;61,477;503,442;503,442
421,249;32,234;616,282;616,282
421,422;45,21;647,421;647,421
421,595;41,713;434,266;434,266
421,768;32,266;519,845;519,845
421,941;35,167;564,291;564,291
422,115;23,06;467,554;467,554
422,288;9,215;568,462;568,462
422,461;15,01;444,389;444,389
422,634;26,908;439,558;439,558
422,807;43,398;522,551;522,551
422,981;29,471;478,186;478,186
423,154;36,554;461,434;461,434
423,327;36,108;657,249;657,249
423,5;30,921;494,389;494,389
423,673;13,629;528,403;528,403
423,847;30,618;322,532;322,532
424,02;9,859;555,156;555,156
424,193;43,678;401,016;401,016
424,366;36,761;599,007;599,007
424,539;41,116;623,717;623,717
424,713;10,977;434,235;434,235
424,886;55,078;626,788;626,788
425,059;31,448;744,642;744,642
425,232;27,589;510,155;510,155
425,405;49,749;550,441;550,441
425,579;54,934;456,269;456,269
425,752;26,91;367,326;367,326
425,925;31,937;509,401;509,401
426,098;12,85;484,243;484,243
426,271;37,465;508,934;508,934
426,445;39,317;539,386;539,386
426,618;9,537;462,734;462,734
426,791;39,425;530,039;530,039
426,964;34,031;351,991;351,991
427,137;24,077;579,448;579,448
427,311;33,748;599,23;599,23
427,484;19,67;613,21;613,21
427,657;11,624;495,444;495,444
427,83;30,957;526,017;526,017
428,003;25,998;478,954;478,954
428,176;31,898;285,63;285,63
428,35;42,23;398,649;398,649
428,523;4,796;451,823;451,823
428,696;20,645;454,039;454,039
428,869;24,412;541,794;541,794
429,042;35,203;562,114;562,114
429,216;31,175;413,255;413,255
429,389;44,607;529,966;529,966
429,562;35,83;433,834;433,834
429,735;29,74;428,693;428,693
429,908;30,91;503,47;503,47
430,081;35,288;427,901;427,901
430,255;35,957;484,351;484,351
430,428;18,724;416,709;416,709
430,601;61,798;446,599;446,599
430,774;17,855;341,1;341,1
430,947;29,549;325,558;325,558
431,12;28,214;552,772;552,772
431,294;10,424;523,333;523,333
431,467;37,003;537,984;537,984
431,64;52,978;515,525;515,525
431,813;62,712;419,72;419,72
431,986;70,938;603,788;603,788
432,159;43,135;506,529;506,529
432,333;21,74;420,446;420,446
432,506;64,392;491,638;491,638
432,679;27,36;509,328;509,328
432,852;28,598;327,526;327,526
433,025;16,216;584,286;584,286
433,198;47,401;467,072;467,072
433,372;23,152;511,641;511,641
433,545;32,145;330,886;330,886
433,718;22,076;453,644;453,644
433,891;34,893;369,012;369,012
434,064;22,025;456,441;456,441
434,237;21,3205;438,535;438,535
434,411;11,436;557,915;557,915
434,584;11,991;332,371;332,371
434,757;62,581;453,548;453,548
434,93;21,546;376,991;376,991
435,103;19,653;447,944;447,944
435,276;26,295;431,616;431,616
435,449;40,889;434,35;434,35
435,623;33,758;481,496;481,496
435,796;24,748;309,933;309,933
435,969;36,69;435,224;435,224
436,142;29,678;384,957;384,957
436,315;30,598;463,395;463,395
436,488;22,569;489,911;489,911
436,661;36,055;567,53;567,53
436,835;9,752;414,144;414,144
437,008;25,493;411,326;411,326
437,181;36,098;510,417;510,417
437,354;22,444;488,095;488,095
437,527;40,786;452,057;452,057
437,7;39,927;392,481;392,481
437,873;33,98;404,509;404,509
438,047;35,645;416,692;416,692
438,22;48,779;499,984;499,984
438,393;19,465;365,662;365,662
438,566;35,26;606,872;606,872
438,739;8,227;409,537;409,537
438,912;32,677;550,8;550,8
439,085;25,379;329,076;329,076
439,259;54,751;500,037;500,037
439,432;39,095;333,58;333,58
439,605;33,748;533,974;533,974
439,778;18,086;365,893;365,893
439,951;70,117;467,849;467,849
440,124;16,397;558,195;558,195
440,297;12,635;397,654;397,654
440,47;27,809;357,187;357,187
440,644;37,996;417,245;417,245
440,817;21,704;467,084;467,084
440,99;32,903;474,828;474,828
441,163;38,941;332,156;332,156
441,336;22,001;272,378;272,378
441,509;20,36;417,718;417,718
441,682;33,646;518,93;518,93
441,855;19,865;385,162;385,162
442,029;39,848;407,85;407,85
442,202;23,207;380,843;380,843
442,375;19,131;424,454;424,454
442,548;31,497;508,528;508,528
442,721;22,859;313,904;313,904
442,894;30,836;437,849;437,849
443,067;43,722;384,178;384,178
443,24;41,735;427,233;427,233
443,414;40,386;456,663;456,663
443,587;36,837;453,352;453,352
443,76;16,515;423,463;423,463
443,933;34,54;356,269;356,269
444,106;41,998;395,898;395,898
444,279;50,888;352,3;352,3
444,452;39,554;425,866;425,866
444,625;11,319;391,769;391,769
444,798;36,764;359,252;359,252
444,972;9,89;327,095;327,095
445,145;28,704;439,695;439,695
445,318;12,745;242,166;242,166
445,491;44,569;249,534;249,534
445,664;28,208;344,895;344,895
445,837;14,28;243,97;243,97
446,01;16,212;291,197;291,197
446,183;41,339;411,477;411,477
446,356;13,773;383,686;383,686
446,53;42,841;402,228;402,228
446,703;23,517;323,139;323,139
446,876;22,922;265,511;265,511
447,049;32,192;505,146;505,146
447,222;49,255;263,82;263,82
447,395;46,001;261,263;261,263
447,568;15,756;360,857;360,857
447,741;26,455;308,494;308,494
447,914;29,817;354,139;354,139
448,087;37,559;328,634;328,634
448,261;35,333;297,57;297,57
448,434;43,22;328,605;328,605
448,607;52,883;445,148;445,148
448,78;33,031;326,561;326,561
448,953;14,383;207,655;207,655
449,126;18,61;325,51;325,51
449,299;26,542;465,615;465,615
449,472;23,637;271,269;271,269
449,645;18,963;446,615;446,615
449,818;38,165;427,38;427,38
449,991;37,998;367,18;367,18
450,165;41,848;396,792;396,792
450,338;44,319;344,636;344,636
450,511;11,254;361,662;361,662
450,684;23,269;446,284;446,284
450,857;42,179;353,492;353,492
451,03;22,037;202,734;202,734
451,203;34,947;401,318;401,318
451,376;49,661;273,216;273,216
451,549;30,267;324,96;324,96
451,722;18,448;333,464;333,464
451,895;35,144;292,616;292,616
452,068;35,02;288,671;288,671
452,242;28,436;344,606;344,606
452,415;43,378;378,817;378,817
452,588;18,388;275,803;275,803
452,761;28,727;165,98;165,98
452,934;37,977;364,328;364,328
453,107;53,198;384,892;384,892
453,28;27,271;358,229;358,229
453,453;26,923;277,385;277,385
453,626;25,675;339,418;339,418
453,799;37,775;278,795;278,795
453,972;44,24;325,581;325,581
454,145;15,805;285,235;285,235
454,318;27,931;244,763;244,763
454,492;50,414;329,523;329,523
454,665;34,876;329,379;329,379
454,838;32,618;287,05;287,05
455,011;11,933;330,088;330,088
455,184;48,089;317,318;317,318
455,357;35,18;338,439;338,439
455,53;39,7;331,865;331,865
455,703;27,61;336,581;336,581
455,876;15,358;365,779;365,779
456,049;30,694;282,296;282,296
456,222;25,446;267,973;267,973
456,395;25,051;267,903;267,903
456,568;28,072;312,456;312,456
456,741;26,121;289,272;289,272
456,914;38,045;267,111;267,111
457,087;52,161;246,322;246,322
457,261;14,708;287,7;287,7
457,434;44,971;314,108;314,108
457,607;33,986;307,802;307,802
457,78;27,853;323,416;323,416
457,953;30,71;284,491;284,491
458,126;46,299;288,464;288,464
458,299;39,946;280,703;280,703
458,472;28,653;393,936;393,936
458,645;3,742;304,425;304,425
458,818;34,594;299,546;299,546
458,991;15,565;168,444;168,444
459,164;39,544;434,986;434,986
459,337;30,464;288,363;288,363
459,51;29,984;369,033;369,033
459,683;38,002;254,681;254,681
459,856;27,729;327,515;327,515
460,029;30,414;292,696;292,696
460,202;22,92;274,009;274,009
460,375;45,946;347,771;347,771
460,548;19,47;258,403;258,403
460,722;58,74;378,28;378,28
460,895;26,461;357,836;357,836
461,068;36,213;264,247;264,247
461,241;27,938;354,666;354,666
461,414;21,217;309,554;309,554
461,587;36,086;260,438;260,438
461,76;35,346;234,771;234,771
461,933;17,181;222,986;222,986
462,106;31,482;257,347;257,347
462,279;6,322;307,025;307,025
462,452;19,81;246,254;246,254
462,625;32,636;234,347;234,347
462,798;6,757;270,908;270,908
462,971;58,551;203,507;203,507
463,144;39,262;323,777;323,777
463,317;27,894;347,23;347,23
463,49;23,666;305,02;305,02
463,663;35,306;242,473;242,473
463,836;30,43;236,354;236,354
464,009;44,682;298,062;298,062
464,182;32,374;272,639;272,639
464,355;17,676;219,494;219,494
464,528;13,053;316,042;316,042
464,701;55,59;366,58;366,58
464,874;28,898;291,482;291,482
465,047;21,151;285,375;285,375
465,22;11,558;193,482;193,482
465,393;41,381;295,903;295,903
465,566;15,532;270,232;270,232
465,739;37,95;216,156;216,156
465,912;24,205;232,261;232,261
466,085;11,418;324,061;324,061
466,258;30,013;179,983;179,983
466,431;20,732;264,233;264,233
466,605;47,507;289,311;289,311
466,778;33,927;209,456;209,456
466,951;26,627;240,321;240,321
467,124;58,323;288,773;288,773
467,297;41,928;202,015;202,015
467,47;31,261;249,561;249,561
467,643;44,858;237,042;237,042
467,816;60,273;267,458;267,458
467,989;10,76;235,429;235,429
468,162;33,878;245,194;245,194
468,335;22,423;295,344;295,344
468,508;45,489;215,081;215,081
468,681;68,992;309,721;309,721
468,854;49,169;238,677;238,677
469,027;18,793;259,974;259,974
469,2;34,681;259,549;259,549
469,373;31,443;212,801;212,801
469,546;0,908;255,304;255,304
469,719;27,205;295,982;295,982
469,892;61,813;228,262;228,262
470,065;14,434;355,653;355,653
470,238;15,489;215,744;215,744
470,411;46,739;255,397;255,397
470,584;26,031;279,338;279,338
470,757;34,127;188,995;188,995
470,93;32,552;239,403;239,403
471,103;22,826;211,583;211,583
471,276;26,214;261,86;261,86
471,449;36,434;225,605;225,605
471,622;26,014;231,06;231,06
471,795;23,631;219,921;219,921
471,968;53,98;225,598;225,598
472,141;30,326;206,017;206,017
472,314;0,453;188,452;188,452
472,487;40,088;247,672;247,672
472,66;36,325;245,764;245,764
472,833;31,544;227,189;227,189
473,006;8,31;224,5;224,5
473,179;9,296;210,736;210,736
473,352;28,249;281,389;281,389
473,525;26,956;198,615;198,615
473,698;31,643;294,534;294,534
473,871;12,624;130,702;130,702
474,044;37,358;252,802;252,802
474,217;39,307;215,369;215,369
474,39;16,729;218,363;218,363
474,562;37,588;248,702;248,702
474,735;49,723;202,783;202,783
474,908;35,429;254,807;254,807
475,081;31,918;224,877;224,877
475,254;49,115;245,717;245,717
475,427;34,135;260,306;260,306
475,6;41,47;223,657;223,657
475,773;24,323;203,868;203,868
475,946;16,98;227,197;227,197
476,119;36,539;233,612;233,612
476,292;39,605;241,033;241,033
476,465;27,246;230,031;230,031
476,638;42,656;182,674;182,674
476,811;35,277;239,533;239,533
476,984;22,548;220,608;220,608
477,157;35,133;248,042;248,042
477,33;42,973;225,994;225,994
477,503;17,78;189,996;189,996
477,676;30,077;186,616;186,616
477,849;33,588;288,521;288,521
478,022;31,972;226,763;226,763
478,195;30,677;194,167;194,167
478,368;42,337;171,162;171,162
478,541;28,154;148,811;148,811
478,714;32,462;235,113;235,113
478,887;28,482;196,054;196,054
479,06;27,753;248,727;248,727
479,233;47,756;184,416;184,416
479,406;40,148;203,237;203,237
479,579;40,272;240,247;240,247
479,752;35,885;226,966;226,966
479,925;24,304;265,475;265,475
480,098;42,4;275,822;275,822
480,271;37,532;244,772;244,772
480,443;22,712;227,408;227,408
480,616;14,114;157,386;157,386
480,789;20,648;268,587;268,587
480,962;27,533;238,082;238,082
481,135;37,924;279,239;279,239
481,308;32,811;203,942;203,942
481,481;53,951;215,511;215,511
481,654;45,012;238,863;238,863
481,827;33,943;175,545;175,545
482;30,571;181,665;181,665
482,173;31,719;218,839;218,839
482,346;44,243;202,43;202,43
482,519;25,157;201,93;201,93
482,692;31,708;222,259;222,259
482,865;37,854;172,253;172,253
483,038;34,468;212,719;212,719
483,211;47,946;242,242;242,242
483,384;37,475;183,745;183,745
483,557;49,389;281,61;281,61
483,73;36,096;185,819;185,819
483,902;9,11;225,466;225,466
484,075;44,348;145,953;145,953
484,248;23,479;212,032;212,032
484,421;35,688;189,886;189,886
484,594;46,248;201,746;201,746
484,767;49,295;255,803;255,803
484,94;48,205;228,561;228,561
485,113;44,493;195,21;195,21
485,286;31,61;186,893;186,893
485,459;34,515;214,873;214,873
485,632;31,034;218,399;218,399
485,805;47,172;204,405;204,405
485,978;44,579;202,516;202,516
486,151;51,761;217,555;217,555
486,324;46,02;195,156;195,156
486,497;25,918;225,229;225,229
486,669;48,079;235,13;235,13
486,842;33,442;166,118;166,118
487,015;41,236;220,801;220,801
487,188;50,938;203,477;203,477
487,361;29,029;196,334;196,334
487,534;27,428;163,981;163,981
487,707;34,574;197,514;197,514
487,88;21,358;194,717;194,717
488,053;40,997;177,549;177,549
488,226;26,753;195,631;195,631
488,399;17,715;215,093;215,093
488,572;47,945;193,171;193,171
488,745;44,213;214,633;214,633
488,917;10,663;120,126;120,126
489,09;23,441;153,876;153,876
489,263;41,723;213,692;213,692
489,436;37,136;185,015;185,015
489,609;29,035;175,399;175,399
489,782;46,775;225,992;225,992
489,955;27,153;187,228;187,228
490,128;0;165,636;165,636
490,301;24,53;208,124;208,124
490,474;39,682;159,345;159,345
490,647;18,677;161,593;161,593
490,82;27,639;165,125;165,125
490,992;46,953;254,1;254,1
491,165;31,94;175,994;175,994
491,338;37,075;179,619;179,619
491,511;35,773;168,087;168,087
491,684;46,737;240,688;240,688
491,857;46,609;180,984;180,984
492,03;37,538;168,404;168,404
492,203;34,783;185,173;185,173
492,376;38,757;194,289;194,289
492,549;14,822;173,205;173,205
492,722;44,059;194,355;194,355
492,894;46,096;96,172;96,172
493,067;38,581;198,139;198,139
493,24;48,17;226,059;226,059
493,413;27,34;206,494;206,494
493,586;29,947;194,515;194,515
493,759;25,644;180,784;180,784
493,932;39,976;162,859;162,859
494,105;12,86;174,835;174,835
494,278;38,985;221,452;221,452
494,451;29,668;152,43;152,43
494,623;17,997;195,441;195,441
494,796;35,318;166,975;166,975
494,969;16,512;172,865;172,865
495,142;23,665;238,677;238,677
495,315;54,793;173,862;173,862
495,488;24,207;166,752;166,752
495,661;30,948;201,262;201,262
495,834;26,372;158,513;158,513
496,007;39,081;189,668;189,668
496,18;38,022;176,258;176,258
496,352;38,438;123,575;123,575
496,525;46,201;150,509;150,509
496,698;34,464;197,159;197,159
496,871;58,621;222,466;222,466
497,044;32,556;159,655;159,655
497,217;29,291;166,852;166,852
497,39;63,866;228,912;228,912
497,563;28,009;146,829;146,829
497,736;42,765;178,26;178,26
497,908;32,61;168,224;168,224
498,081;45,189;144,074;144,074
498,254;36,551;214,376;214,376
498,427;39,991;229,163;229,163
498,6;18,794;154,193;154,193
498,773;36,147;175,751;175,751
498,946;58,013;180,728;180,728
499,119;50,618;238,293;238,293
499,291;58,518;215,694;215,694
499,464;40,528;187,032;187,032
499,637;23,63;156,793;156,793
499,81;39,575;202,823;202,823
499,983;35,784;128,899;128,899
500,156;14,533;137,001;137,001
500,329;35,68;163,506;163,506
500,502;12,077;132,842;132,842
500,674;31,929;149,627;149,627
500,847;21,244;168,957;168,957
501,02;39,908;147,553;147,553
501,193;60,315;228,293;228,293
501,366;23,95;177,953;177,953
501,539;29,934;141,941;141,941
501,712;32,737;192,051;192,051
501,884;47,536;204,22;204,22
502,057;33,108;149,334;149,334
502,23;46,068;156,748;156,748
502,403;31,184;142,09;142,09
502,576;23,41;136,25;136,25
502,749;40,987;203,063;203,063
502,922;44,165;163,387;163,387
503,095;47,494;174,502;174,502
503,267;45,194;167,718;167,718
503,44;31,521;158,951;158,951
503,613;38,699;175,848;175,848
503,786;37,909;177,597;177,597
503,959;38,533;189,986;189,986
504,132;54,834;151,032;151,032
504,305;40,706;161,119;161,119
504,477;55,325;162,091;162,091
504,65;20,317;140,763;140,763
504,823;21,334;196,41;196,41
504,996;40,963;216,606;216,606
505,169;49,697;136,585;136,585
505,342;62,136;196,118;196,118
505,514;41,127;171,736;171,736
505,687;32,272;172,991;172,991
505,86;23,043;188,468;188,468
506,033;17,416;151,123;151,123
506,206;53,654;180,104;180,104
506,379;21,162;144,971;144,971
506,552;31,436;188,137;188,137
506,724;46,806;202,389;202,389
506,897;43,511;164,521;164,521
507,07;30,515;140,817;140,817
507,243;44,497;182,521;182,521
507,416;15,898;150,65;150,65
507,589;58,155;160,227;160,227
507,761;54,76;165,18;165,18
507,934;51,441;137,173;137,173
508,107;42,157;181,539;181,539
508,28;58,09;186,702;186,702
508,453;14,086;139,797;139,797
508,626;51,117;142,619;142,619
508,798;59,935;176,258;176,258
508,971;69,38;131,575;131,575
509,144;33,753;144,825;144,825
509,317;29,01;161,227;161,227
509,49;40,28;193,662;193,662
509,663;18,575;141,839;141,839
509,835;43,142;150,761;150,761
510,008;54,244;173,394;173,394
510,181;57,743;172,404;172,404
510,354;62,627;219,753;219,753
510,527;33,654;163,294;163,294
510,7;41,395;152,046;152,046
510,872;40,051;181,432;181,432
511,045;49,141;197,302;197,302
511,218;39,938;161,542;161,542
511,391;17,343;139,273;139,273
511,564;44,127;161,753;161,753
511,737;37,554;182,991;182,991
511,909;47,822;171,318;171,318
512,082;64,951;146,31;146,31
512,255;43,857;157,961;157,961
512,428;43,205;171,757;171,757
512,601;58,791;153,306;153,306
512,774;45,681;170,684;170,684
512,946;34,561;162,943;162,943
513,119;36,359;139,108;139,108
513,292;11,583;143,207;143,207
513,465;48,614;192,696;192,696
513,638;53,957;157,033;157,033
513,81;45,25;200,284;200,284
513,983;16,484;152,406;152,406
514,156;54,406;163,918;163,918
514,329;54,795;139,419;139,419
514,502;56,74;192,66;192,66
514,674;20,731;170,321;170,321
514,847;47,079;149,329;149,329
515,02;47,928;160,14;160,14
515,193;37,995;116,306;116,306
515,366;54,728;164,866;164,866
515,539;41,544;170,815;170,815
515,711;29,766;180,163;180,163
515,884;39,785;150,026;150,026
516,057;43,587;159,374;159,374
516,23;55,216;149,352;149,352
516,403;64,795;189,964;189,964
516,575;55,429;207,176;207,176
516,748;50,746;163,132;163,132
516,921;58,64;180,364;180,364
517,094;79,232;174,585;174,585
517,267;40,866;187,879;187,879
517,439;47,374;170,763;170,763
517,612;20,579;116,725;116,725
517,785;40,557;110,48;110,48
517,958;46,183;187,25;187,25
518,131;52,377;171,781;171,781
518,303;29,375;113,91;113,91
518,476;37,478;115,626;115,626
518,649;33,329;158,037;158,037
518,822;50,235;161,704;161,704
518,994;47,17;159,437;159,437
519,167;29,525;157,8;157,8
519,34;31,637;131,876;131,876
519,513;52,351;148,742;148,742
519,686;39,665;152,687;152,687
519,858;46,187;159,361;159,361
520,031;45,195;147,991;147,991
520,204;53,97;189,063;189,063
520,377;55,643;121,174;121,174
520,55;75,106;212,901;212,901
520,722;34,054;193,235;193,235
520,895;42,541;129,904;129,904
521,068;46,706;189,303;189,303
521,241;53,033;172,89;172,89
521,413;24,6;158,749;158,749
521,586;3,291;101,832;101,832
521,759;63,744;158,563;158,563
521,932;53,522;147,216;147,216
522,105;42,373;171,556;171,556
522,277;48,364;196,767;196,767
522,45;38,437;166,333;166,333
522,623;28,851;142,899;142,899
522,796;41,352;135,733;135,733
522,968;34,562;145,825;145,825
523,141;47,163;183,469;183,469
523,314;23,708;145,983;145,983
523,487;60,913;111,723;111,723
523,66;47,415;162,626;162,626
523,832;30,261;147,466;147,466
524,005;41,419;139,95;139,95
524,178;64,978;189,299;189,299
524,351;47,101;136,589;136,589
524,523;41,949;150,018;150,018
524,696;38,882;174,421;174,421
524,869;62,623;126,165;126,165
525,042;46,525;157,856;157,856
525,215;39,594;125,426;125,426
525,387;31,37;142,107;142,107
525,56;65,445;162,618;162,618
525,733;45,215;165,071;165,071
525,906;56,76;139,717;139,717
526,078;19,406;105,718;105,718
526,251;32,492;122,68;122,68
526,424;59,029;142,762;142,762
526,597;35,397;132,012;132,012
526,769;36,508;126,981;126,981
526,942;44,536;142,15;142,15
527,115;42,663;127,999;127,999
527,288;54,571;117,121;117,121
527,46;60,958;138,427;138,427
527,633;44,583;144,127;144,127
527,806;65,717;130,571;130,571
527,979;33,841;136,905;136,905
528,151;46,35;160,311;160,311
528,324;23,603;127,084;127,084
528,497;56,983;117,268;117,268
528,67;48,245;148,839;148,839
528,842;74,26;163,566;163,566
529,015;45,942;156,739;156,739
529,188;37,423;146,687;146,687
529,361;42,696;133,417;133,417
529,533;49,911;134,247;134,247
529,706;42,362;127,927;127,927
529,879;28,05;124,152;124,152
530,052;19,758;133,993;133,993
530,224;31,353;115,766;115,766
530,397;47,635;135,827;135,827
530,57;49,719;145,097;145,097
530,743;54,484;86,659;86,659
530,915;59,717;156,771;156,771
531,088;44,178;105,467;105,467
531,261;50,472;95,001;95,001
531,434;41,421;119,135;119,135
531,606;73,242;157,142;157,142
531,779;33,153;134,575;134,575
531,952;51,588;125,066;125,066
532,125;54,539;124,322;124,322
532,297;75,533;137,985;137,985
532,47;45,009;94,6;94,6
532,643;51,319;133,522;133,522
532,815;55,057;121,174;121,174
532,988;41,126;150,832;150,832
533,161;65,68;118,321;118,321
533,334;47,731;126,64;126,64
533,506;56,761;128,655;128,655
533,679;60,123;120,927;120,927
533,852;44,927;146,484;146,484
534,025;52,684;125,763;125,763
534,197;24,308;130,362;130,362
534,37;50,732;142,348;142,348
534,543;50,451;118,013;118,013
534,715;55,968;148,707;148,707
534,888;42,698;151,376;151,376
535,061;41,456;131,601;131,601
535,234;50,377;114,983;114,983
535,406;35,269;135,649;135,649
535,579;48,89;109,872;109,872
535,752;38,685;144,14;144,14
535,924;25,442;87,921;87,921
536,097;45,679;139,782;139,782
536,27;56,938;121,834;121,834
536,443;22,452;121,325;121,325
536,615;42,422;125,835;125,835
536,788;35,275;118,172;118,172
536,961;42,069;136,17;136,17
537,134;51,834;169,43;169,43
537,306;37,208;154,543;154,543
537,479;22,641;122,461;122,461
537,652;27,723;120,102;120,102
537,824;40,618;111,848;111,848
537,997;52,185;109,583;109,583
538,17;55,507;139,489;139,489
538,342;46,422;125,817;125,817
538,515;40,66;94,635;94,635
538,688;68,95;107,066;107,066
538,861;52,105;106,185;106,185
539,033;50,606;106,039;106,039
539,206;32,278;124,401;124,401
539,379;40,035;89,197;89,197
539,551;43,115;101,151;101,151
539,724;24,396;99,887;99,887
539,897;46,48;110,973;110,973
540,07;45,63;109,499;109,499
540,242;80,662;130,954;130,954
540,415;51,58;117,373;117,373
540,588;51,893;134,391;134,391
540,76;41,148;147,567;147,567
540,933;40,803;88,293;88,293
541,106;39,431;101,872;101,872
541,278;39,831;149,613;149,613
541,451;33,169;107,69;107,69
541,624;44,238;125,025;125,025
541,797;63,567;114,163;114,163
541,969;53,005;155,129;155,129
542,142;40,945;100,384;100,384
542,315;50,703;148,024;148,024
542,487;49,827;130,083;130,083
542,66;64,951;115,078;115,078
542,833;63,389;104,186;104,186
543,005;31,73;111,485;111,485
543,178;68,898;136,858;136,858
543,351;43,908;94,864;94,864
543,523;53,661;102,071;102,071
543,696;40,34;134,953;134,953
543,869;32,858;118,696;118,696
544,041;31,575;118,723;118,723
544,214;38,122;112,822;112,822
544,387;32,594;133,547;133,547
544,56;48,22;123,248;123,248
544,732;34,695;128,596;128,596
544,905;42,179;112,772;112,772
545,078;52,452;139,84;139,84
545,25;44,667;149,011;149,011
545,423;28,208;100,117;100,117
545,596;59,76;115,071;115,071
545,768;66,56;120,622;120,622
545,941;19,444;93,094;93,094
546,114;44,032;125,571;125,571
546,286;45,674;125,477;125,477
546,459;40,823;124,984;124,984
546,632;69,008;146,97;146,97
546,804;37,613;117,565;117,565
546,977;63,905;123,581;123,581
547,15;49,142;102,087;102,087
547,322;51,74;135,015;135,015
547,495;51,578;114,595;114,595
547,668;64,045;142,543;142,543
547,84;58,879;121,93;121,93
548,013;37,811;95,042;95,042
548,186;40,856;118,038;118,038
548,358;43,909;120,684;120,684
548,531;60,394;102,998;102,998
548,704;57,989;116,399;116,399
548,876;47,587;137,075;137,075
549,049;33,089;108,801;108,801
549,222;52,174;124,72;124,72
549,394;35,778;131,845;131,845
549,567;61,514;141,921;141,921
549,74;58,382;99,63;99,63
549,912;56,974;114,89;114,89
550,085;48,253;130,044;130,044
550,258;34,141;95,463;95,463
550,43;43,935;87,109;87,109
550,603;50,423;143,791;143,791
550,776;49,055;123,338;123,338
550,948;31,405;120,454;120,454
551,121;57,093;135,007;135,007
551,294;64,624;109,136;109,136
551,466;55,358;108,993;108,993
551,639;37,19;106,905;106,905
551,811;51,017;80,519;80,519
551,984;27,493;105,642;105,642
552,157;58,552;114,882;114,882
552,329;60,573;122,195;122,195
552,502;49,924;126,903;126,903
552,675;55,826;132,254;132,254
552,847;56,429;108,553;108,553
553,02;32,743;98,117;98,117
553,193;38,994;132,108;132,108
553,365;73,992;124,302;124,302
553,538;61,376;124,74;124,74
553,711;64,544;126,233;126,233
553,883;51,013;95,411;95,411
554,056;60,848;132,118;132,118
554,229;53,555;94,993;94,993
554,401;51,095;118,927;118,927
554,574;49,596;137,536;137,536
554,746;63,707;121,69;121,69
554,919;48,989;108,059;108,059
555,092;57,92;106,42;106,42
555,264;33,053;85,026;85,026
555,437;69,194;118,861;118,861
555,61;53,156;121,155;121,155
555,782;55,837;122,506;122,506
555,955;47,751;129,532;129,532
556,127;38,739;92,442;92,442
556,3;40,414;85,046;85,046
556,473;37,003;117,331;117,331
556,645;59,204;122,457;122,457
556,818;64,2;108,267;108,267
556,991;42,964;117,717;117,717
557,163;64,156;122,286;122,286
557,336;65,052;123,088;123,088
557,509;65,821;128,154;128,154
557,681;60,74;104,369;104,369
557,854;40,675;123,319;123,319
558,026;35,325;103,38;103,38
558,199;38,156;103,074;103,074
558,372;69,344;123,188;123,188
558,544;48,015;124,42;124,42
558,717;62,13;108,27;108,27
558,89;47,512;108,212;108,212
559,062;55,959;124,277;124,277
559,235;61,211;98,783;98,783
559,407;55,506;115,257;115,257
559,58;43,273;118,216;118,216
559,753;40,733;115,518;115,518
559,925;51,066;110,184;110,184
560,098;84,278;143,692;143,692
560,27;43,619;121,465;121,465
560,443;42,336;97,428;97,428
560,616;15,776;106,926;106,926
560,788;36,698;109,937;109,937
560,961;37,612;81,531;81,531
561,134;54,553;115,679;115,679
561,306;49,072;117,665;117,665
561,479;53,476;80,558;80,558
561,651;73,781;121,928;121,928
561,824;49,262;121,363;121,363
561,997;57,106;112,779;112,779
562,169;50,79;145,196;145,196
562,342;39,125;115,666;115,666
562,514;43,935;106,559;106,559
562,687;72,44;122,039;122,039
562,86;41,632;99,927;99,927
563,032;61,697;142,872;142,872
563,205;55,092;115,944;115,944
563,377;58,925;112,491;112,491
563,55;47,492;112,271;112,271
563,723;34,365;81,145;81,145
563,895;26,285;121,524;121,524
564,068;34,679;114,162;114,162
564,24;42,28;92,703;92,703
564,413;74,889;139,585;139,585
564,586;41,504;91,322;91,322
564,758;65,018;134,638;134,638
564,931;47,532;84,144;84,144
565,103;67,085;118,389;118,389
565,276;27,391;90,299;90,299
565,449;50,728;117,274;117,274
565,621;45,405;148,666;148,666
565,794;30,758;102,164;102,164
565,966;58,826;125,64;125,64
566,139;42,16;123,207;123,207
566,311;80,918;124,473;124,473
566,484;25,358;101,075;101,075
566,657;60,008;128,962;128,962
566,829;25,33;103,683;103,683
567,002;36,932;132,837;132,837
567,174;55,069;132,722;132,722
567,347;39,123;122,543;122,543
567,52;62,305;129,279;129,279
567,692;85,522;170,387;170,387
567,865;63,77;130,762;130,762
568,037;66,035;153,765;153,765
568,21;35,54;136,08;136,08
568,382;52,006;149,736;149,736
568,555;50,454;119,025;119,025
568,728;79,475;155,195;155,195
568,9;52,405;125,034;125,034
569,073;45,668;126,748;126,748
569,245;45,915;137,021;137,021
569,418;54,797;105,426;105,426
569,591;22,531;133,054;133,054
569,763;70,461;126,446;126,446
569,936;55,045;121,188;121,188
570,108;67,336;129,683;129,683
570,281;40,084;123,662;123,662
570,453;57,309;170,313;170,313
570,626;67,96;149,925;149,925
570,799;50,293;129,746;129,746
570,971;80,266;125,873;125,873
571,144;51,056;143,867;143,867
571,316;65,81;146,789;146,789
571,489;72,748;130,602;130,602
571,661;72,844;144,545;144,545
571,834;47,891;152,506;152,506
572,006;57,443;137,324;137,324
572,179;57,723;142,913;142,913
572,352;63,85;151,846;151,846
572,524;42,656;122,861;122,861
572,697;51,029;155,3;155,3
572,869;69,992;167,735;167,735
573,042;47,055;117,419;117,419
573,214;65,08;189,276;189,276
573,387;55,496;169,36;169,36
573,56;55,048;184,556;184,556
573,732;52,4;150,534;150,534
573,905;35,74;129,616;129,616
574,077;70,723;180,467;180,467
574,25;62,198;164,885;164,885
574,422;67,008;169,619;169,619
574,595;54,713;161,545;161,545
574,767;58,122;195,769;195,769
574,94;47,893;164,099;164,099
575,112;61,307;183,315;183,315
575,285;56,925;146,097;146,097
575,458;54,221;187,115;187,115
575,63;50,341;181,471;181,471
575,803;54,934;203,408;203,408
575,975;7,345;117,353;117,353
576,148;78,571;193,718;193,718
576,32;42,503;199,6;199,6
576,493;64,01;207,459;207,459
576,665;45,695;168,55;168,55
576,838;41,303;185,563;185,563
577,01;78,957;178,616;178,616
577,183;57,035;196,382;196,382
577,356;34,372;211,833;211,833
577,528;53,806;188,712;188,712
577,701;78,157;213,44;213,44
577,873;31,18;210,469;210,469
578,046;57,244;186,355;186,355
578,218;67,909;219,712;219,712
578,391;72,951;208,3;208,3
578,563;40,824;195,273;195,273
578,736;69,056;237,671;237,671
578,908;59,116;253,793;253,793
579,081;84,239;252,349;252,349
579,253;67,186;240,135;240,135
579,426;67,605;273,498;273,498
579,599;79,562;258,662;258,662
579,771;81,691;278,632;278,632
579,944;71,857;277,868;277,868
580,116;46,228;262,24;262,24
580,289;92,674;320,443;320,443
580,461;63,589;256,561;256,561
580,634;76,924;285,111;285,111
580,806;76,614;278,339;278,339
580,979;86,517;317,613;317,613
581,151;95,647;318,858;318,858
581,324;71,929;315,605;315,605
581,496;74,037;333,904;333,904
581,669;82,179;330,037;330,037
581,841;98,461;392,502;392,502
582,014;92,375;360,499;360,499
582,186;111,43;362,138;362,138
582,359;95,246;396,093;396,093
582,531;73,419;383,358;383,358
582,704;96,326;395,172;395,172
582,876;80,935;425,017;425,017
583,049;99,217;437,416;437,416
583,222;98,758;450,133;450,133
583,394;101,487;467,292;467,292
583,567;143,587;532,428;532,428
583,739;115,875;475,209;475,209
583,912;135,654;503,989;503,989
584,084;126,851;555,534;555,534
584,257;143,176;593,684;593,684
584,429;158,101;590,968;590,968
584,602;125,98;578,887;578,887
584,774;181,365;610,399;610,399
584,947;186,891;649,151;649,151
585,119;187,447;725,347;725,347
585,292;201,454;764,831;764,831
585,464;217,551;884,638;884,638
585,637;220,437;895,019;895,019
585,809;220,313;902,949;902,949
585,982;231,193;995,891;995,891
586,154;259,939;1025,54;1025,54
586,327;282,254;1122,65;1122,65
586,499;304,553;1181,33;1181,33
586,672;306,989;1330,35;1330,35
586,844;365,768;1467,2;1467,2
587,017;387,266;1603,2;1603,2
587,189;420,341;1773,8;1773,8
587,362;454,856;1914,12;1914,12
587,534;491,031;2118,15;2118,15
587,707;542,308;2459;2459
587,879;620,487;2823,29;2823,29
588,052;792,793;3601,39;3601,39
588,224;1223,41;5553,07;5553,07
588,397;2585,93;16384;16384
588,569;5400,1;16384;16384
588,742;9730,72;16384;16384
588,914;14615,2;16384;16384
589,087;16314,2;16384;16384
589,259;16300,3;16384;16384
589,432;16286;16384;16384
589,604;15261,6;16384;16384
589,777;11068,1;16384;16384
589,949;8163,23;16384;16384
590,122;4869,99;16384;16384
590,294;2210,28;16384;16384
590,466;753,095;16384;16384
590,639;535,745;16384;16384
590,811;444,547;16384;16384
590,984;347,275;16384;16384
591,156;323,618;16384;16384
591,329;259,152;16384;16384
591,501;244,681;16384;16384
591,674;214,376;16384;16384
591,846;169,472;16384;16384
592,019;154,683;16384;16384
592,191;118,782;16384;16384
592,364;146,186;16384;16384
592,536;118,181;16384;16384
592,709;122,25;16384;16384
592,881;121,688;16384;16384
593,054;92,455;16384;16384
593,226;98,704;16384;16384
593,399;98,062;16384;16384
593,571;108,751;16384;16384
593,744;79,861;973,918;973,918
593,916;76,968;449,803;449,803
594,088;95,299;408,539;408,539
594,261;80,787;427,614;427,614
594,433;81,977;440,983;440,983
594,606;88,835;378,288;378,288
594,778;69,789;398,742;398,742
594,951;84,74;366,209;366,209
595,123;69,611;386,99;386,99
595,296;76,815;358,825;358,825
595,468;91,601;358,141;358,141
595,641;63,965;334,841;334,841
595,813;69,601;298,81;298,81
595,986;62,279;303,006;303,006
596,158;51,823;284,303;284,303
596,331;45,135;287,733;287,733
596,503;69,891;272,859;272,859
596,675;46,298;295,891;295,891
596,848;80,121;262,817;262,817
597,02;76,451;267,456;267,456
597,193;50,298;254,585;254,585
597,365;66,869;281,026;281,026
597,538;49,943;273,589;273,589
597,71;56,225;272,085;272,085
597,883;68,473;302,236;302,236
598,055;58,907;272,698;272,698
598,228;67,804;243,142;243,142
598,4;50,429;243,453;243,453
598,572;86,182;252,334;252,334
598,745;64,276;225,063;225,063
598,917;82,621;207,203;207,203
599,09;47,493;204,492;204,492
599,262;38,283;224,432;224,432
599,435;87,646;253,809;253,809
599,607;65,889;204,439;204,439
599,78;62,45;238,868;238,868
599,952;42,67;240,372;240,372
600,124;48,912;192,096;192,096
600,297;83,577;220,743;220,743
600,469;54,227;189,672;189,672
600,642;55,104;215,285;215,285
600,814;62,442;213,034;213,034
600,987;63,384;192,132;192,132
601,159;58,288;239,356;239,356
601,331;47,647;233,003;233,003
601,504;44,233;188,868;188,868
601,676;64,639;196,417;196,417
601,849;58,212;191,309;191,309
602,021;34,31;194,822;194,822
602,194;48,803;172,122;172,122
602,366;66,86;192,66;192,66
602,539;55,444;185,721;185,721
602,711;53,497;185,871;185,871
602,883;55,926;176,19;176,19
603,056;41,565;190,306;190,306
603,228;85,548;185,058;185,058
603,401;44,212;191,757;191,757
603,573;65,152;192,319;192,319
603,746;34,02;189,781;189,781
603,918;69,212;180,457;180,457
604,09;87,349;192,969;192,969
604,263;58,642;179,26;179,26
604,435;75,548;177,4;177,4
604,608;75,916;173,193;173,193
604,78;43,252;187,747;187,747
604,953;53,102;187,764;187,764
605,125;59,947;167,781;167,781
605,297;72,465;195,586;195,586
605,47;68,237;192,773;192,773
605,642;46,668;171,254;171,254
605,815;43,003;174,735;174,735
605,987;84,871;215,132;215,132
606,159;61,179;161,873;161,873
606,332;89,224;179,927;179,927
606,504;51,909;186,799;186,799
606,677;78,676;176,931;176,931
606,849;47,771;155,458;155,458
607,022;71,445;200,374;200,374
607,194;68,747;199,751;199,751
607,366;81,781;192,786;192,786
607,539;77,091;190,282;190,282
607,711;92,647;202,939;202,939
607,884;64,742;217,196;217,196
608,056;89,83;227,672;227,672
608,228;98,965;234,401;234,401
608,401;50,57;210,605;210,605
608,573;62,099;209,761;209,761
608,746;43,99;185,872;185,872
608,918;58,575;160,438;160,438
609,09;69,189;156,902;156,902
609,263;73,349;154,707;154,707
609,435;35,309;125,033;125,033
609,608;73,798;154,016;154,016
609,78;43,549;145,262;145,262
609,952;67,887;139,933;139,933
610,125;31,245;143,089;143,089
610,297;52,526;159,294;159,294
610,47;56,733;154,786;154,786
610,642;58,703;139,839;139,839
610,814;58,603;152,14;152,14
610,987;220,43;474,758;474,758
611,159;66,398;152,332;152,332
611,332;48,23;137,913;137,913
611,504;57,886;159,208;159,208
611,676;54,717;138,698;138,698
611,849;62,284;147,955;147,955
612,021;85,918;121,769;121,769
612,194;29,974;116,604;116,604
612,366;55,872;105,37;105,37
612,538;58,993;143,502;143,502
612,711;64,461;158,744;158,744
612,883;67,259;121,401;121,401
613,055;45,944;120,354;120,354
613,228;78,366;141,472;141,472
613,4;45,015;109,419;109,419
613,573;47,587;117,305;117,305
613,745;52,539;129,119;129,119
613,917;62,851;125,97;125,97
614,09;42,867;109,272;109,272
614,262;50,238;137,131;137,131
614,435;64,855;118,362;118,362
614,607;69,229;129,709;129,709
614,779;55,809;114,825;114,825
614,952;51,922;121,706;121,706
615,124;60,564;105,044;105,044
615,296;68,136;126,893;126,893
615,469;60,931;136,122;136,122
615,641;84,19;127,386;127,386
615,814;75,879;124,122;124,122
615,986;54,43;119,777;119,777
616,158;84,847;118,467;118,467
616,331;62,132;118,37;118,37
616,503;32,212;149,52;149,52
616,675;68,784;129,366;129,366
616,848;86,801;118,845;118,845
617,02;48,616;124,725;124,725
617,193;75,913;117,502;117,502
617,365;61,627;125,986;125,986
617,537;51,819;86,612;86,612
617,71;53,389;87,898;87,898
617,882;72,7;103,985;103,985
618,054;39,615;141,399;141,399
618,227;73,374;121,454;121,454
618,399;83,108;130,175;130,175
618,571;59,42;126,319;126,319
618,744;62,193;122,981;122,981
618,916;69,196;126,044;126,044
619,089;91,005;123,252;123,252
619,261;51,251;115,617;115,617
619,433;53,625;126,677;126,677
619,606;51,684;92,013;92,013
619,778;46,495;120,166;120,166
619,95;41,09;111,531;111,531
620,123;50,933;104,073;104,073
620,295;71,437;120,391;120,391
620,467;47,184;88,102;88,102
620,64;62,297;129,219;129,219
620,812;78,429;131,337;131,337
620,984;49,112;119,573;119,573
621,157;50,41;113,798;113,798
621,329;58,598;115,957;115,957
621,502;49,596;90,775;90,775
621,674;65,333;120,054;120,054
621,846;56,958;88,75;88,75
622,019;33,249;89,709;89,709
622,191;62,917;108,732;108,732
622,363;42,329;96,674;96,674
622,536;69,218;102,666;102,666
622,708;56,467;115,26;115,26
622,88;44,983;97,474;97,474
623,053;79,231;99,807;99,807
623,225;88,828;114,387;114,387
623,397;52,981;110,185;110,185
623,57;44,454;95,746;95,746
623,742;61,824;107,987;107,987
623,914;67,782;107,126;107,126
624,087;49,603;95,793;95,793
624,259;79,79;116,585;116,585
624,431;59,224;95,863;95,863
624,604;63,394;100,461;100,461
624,776;46,356;91,871;91,871
624,948;61,273;116,096;116,096
625,121;62,416;114,039;114,039
625,293;47,224;92,264;92,264
625,465;56,128;97,297;97,297
625,638;74,315;112,275;112,275
625,81;51,939;100,616;100,616
625,982;42,351;107,39;107,39
626,155;74,056;94,242;94,242
626,327;77,476;121,271;121,271
626,499;39,829;97,997;97,997
626,672;62,9;88,206;88,206
626,844;52,952;122,298;122,298
627,016;52,332;97,792;97,792
627,189;43,147;96,739;96,739
627,361;38,304;112,027;112,027
627,533;38,682;97,425;97,425
627,706;58,326;126,569;126,569
627,878;69,959;110,869;110,869
628,05;48,554;79,978;79,978
628,223;42,15;112,842;112,842
628,395;55,519;92,032;92,032
628,567;58,751;102,799;102,799
628,74;69,862;107,895;107,895
628,912;56,345;111,975;111,975
629,084;43,99;103,148;103,148
629,257;68,244;115,814;115,814
629,429;62,151;120,69;120,69
629,601;71,77;101,902;101,902
629,773;62,213;99,398;99,398
629,946;54,686;107,93;107,93
630,118;71,47;108,381;108,381
630,29;61,237;135,06;135,06
630,463;63,792;125,419;125,419
630,635;70,176;105,753;105,753
630,807;51,573;106,168;106,168
630,98;31,759;98,627;98,627
631,152;64,026;98,147;98,147
631,324;73,597;109,317;109,317
631,497;61,344;87,209;87,209
631,669;69,402;116,784;116,784
631,841;60,967;103,042;103,042
632,013;45,68;93,531;93,531
632,186;79,561;109,509;109,509
632,358;83,308;80,156;80,156
632,53;65,859;105,64;105,64
632,703;79,521;80,669;80,669
632,875;44,864;75,127;75,127
633,047;64,924;111,044;111,044
633,22;50,373;86,36;86,36
633,392;69,55;131,484;131,484
633,564;85,533;89,097;89,097
633,736;69,729;95,017;95,017
633,909;57,79;99,255;99,255
634,081;52,129;97,445;97,445
634,253;70,682;91,438;91,438
634,426;58,234;95,167;95,167
634,598;59,004;111,617;111,617
634,77;43,08;101,924;101,924
634,943;46,159;86,735;86,735
635,115;65,965;108,214;108,214
635,287;82,564;116,177;116,177
635,459;50,81;95,192;95,192
635,632;59,566;109,985;109,985
635,804;59,071;92,418;92,418
635,976;61,706;108,331;108,331
636,149;76,224;101,489;101,489
636,321;42,582;96,621;96,621
636,493;47,676;80,439;80,439
636,665;35,065;101,601;101,601
636,838;64,413;108,487;108,487
637,01;62,865;90,443;90,443
637,182;47,741;81,083;81,083
637,355;68,983;103,07;103,07
637,527;65,162;102,656;102,656
637,699;69,455;111,812;111,812
637,871;68,244;111,939;111,939
638,044;61,098;99,683;99,683
638,216;58,32;117,537;117,537
638,388;31,182;110,605;110,605
638,561;54,856;118,479;118,479
638,733;54,56;111,267;111,267
638,905;71,131;107,122;107,122
639,077;65,801;102,664;102,664
639,25;55,063;50,032;50,032
639,422;57,603;109,016;109,016
639,594;74,193;101,992;101,992
639,766;67,605;88,559;88,559
639,939;44,065;97,367;97,367
640,111;57,318;99,813;99,813
640,283;70,192;103,196;103,196
640,456;57,591;106,758;106,758
640,628;58,396;106,646;106,646
640,8;59,624;90,123;90,123
640,972;68,58;82,266;82,266
641,145;60,245;97,291;97,291
641,317;50,11;109,517;109,517
641,489;51,836;99,376;99,376
641,661;58,93;85,075;85,075
641,834;78,08;95,381;95,381
642,006;77,761;98,579;98,579
642,178;41,662;108,549;108,549
642,35;85,33;99,196;99,196
642,523;44,274;78,893;78,893
642,695;75,826;112,428;112,428
642,867;56,609;101,804;101,804
643,039;46,34;73,694;73,694
643,212;36,287;118,678;118,678
643,384;66,281;91,214;91,214
643,556;49,521;80,216;80,216
643,728;72,589;81,077;81,077
643,901;49,179;100,701;100,701
644,073;78,378;91,7;91,7
644,245;63,02;95,063;95,063
644,417;66,468;118,796;118,796
644,59;30,564;68,991;68,991
644,762;67,989;107,368;107,368
644,934;82,725;117,264;117,264
645,106;51,569;97,126;97,126
645,279;61,345;101,412;101,412
645,451;43,355;80,704;80,704
645,623;72,994;121,461;121,461
645,795;58,656;93,932;93,932
645,968;60,476;88,767;88,767
646,14;39,876;96,979;96,979
646,312;85,02;105,309;105,309
646,484;77,873;77,215;77,215
646,657;52,49;90,014;90,014
646,829;53,77;123,223;123,223
647,001;61,053;115,44;115,44
647,173;77,964;128,78;128,78
647,346;65,504;94,368;94,368
647,518;47,025;89,029;89,029
647,69;66,158;106,822;106,822
647,862;62,083;106,597;106,597
648,035;62,135;80,068;80,068
648,207;89,227;104,126;104,126
648,379;42,685;71,793;71,793
648,551;54,494;92,377;92,377
648,724;60,354;88,967;88,967
648,896;51,875;104,968;104,968
649,068;94,807;101,028;101,028
649,24;63,363;95,084;95,084
649,412;68,747;103,903;103,903
649,585;73,08;100,203;100,203
649,757;52,361;85,567;85,567
649,929;53,165;84,238;84,238
650,101;42,756;85,942;85,942
650,274;51,888;71,752;71,752
650,446;85,493;86,129;86,129
650,618;54,377;92,19;92,19
650,79;62,694;90,178;90,178
650,962;71,424;104,793;104,793
651,135;74,41;104,831;104,831
651,307;65,176;102,636;102,636
651,479;70,334;97,561;97,561
651,651;51,483;75,172;75,172
651,824;55,374;94,2;94,2
651,996;63,711;98,298;98,298
652,168;64,887;105,054;105,054
652,34;48,153;98,004;98,004
652,512;65,379;100,943;100,943
652,685;65,265;102,427;102,427
652,857;41,094;89,787;89,787
653,029;45,286;104,863;104,863
653,201;56,804;83,934;83,934
653,374;60,851;95,628;95,628
653,546;70,053;69,669;69,669
653,718;95,655;107,25;107,25
653,89;60,368;122,191;122,191
654,062;78,552;110,689;110,689
654,235;47,735;91,229;91,229
654,407;72,854;95,047;95,047
654,579;54,686;107,538;107,538
654,751;63,613;82,859;82,859
654,923;71,463;75,353;75,353
655,096;57,828;86,85;86,85
655,268;53,243;84,954;84,954
655,44;42,478;85,412;85,412
655,612;64,998;80,885;80,885
655,784;57,12;80,41;80,41
655,957;45,825;91,353;91,353
656,129;44,983;76,105;76,105
656,301;56,883;89,355;89,355
656,473;63,315;86,384;86,384
656,645;56,476;100,542;100,542
656,818;69,934;100,564;100,564
656,99;70,851;84,712;84,712
657,162;67,189;103,042;103,042
657,334;76,137;47,402;47,402
657,506;60,722;96,139;96,139
657,679;71,837;93,49;93,49
657,851;81,972;87,327;87,327
658,023;71,019;97,714;97,714
658,195;84,839;102,099;102,099
658,367;71,314;88,279;88,279
658,54;63,305;107,759;107,759
658,712;57,43;94,797;94,797
658,884;77,864;83,807;83,807
659,056;113,418;94,951;94,951
659,228;90,182;98,538;98,538
659,401;84,357;139,298;139,298
659,573;65,896;86,675;86,675
659,745;76,853;72,705;72,705
659,917;77,925;70,138;70,138
660,089;71,564;90,626;90,626
660,261;54,994;101,135;101,135
660,434;61,328;90,725;90,725
660,606;48,132;89,415;89,415
660,778;68,643;98,511;98,511
660,95;53,044;83,286;83,286
661,122;59,341;90,701;90,701
661,295;44,301;99,722;99,722
661,467;67,715;109,872;109,872
661,639;62,847;86,033;86,033
661,811;65,233;96,572;96,572
661,983;70,573;106,182;106,182
662,155;72,969;109,184;109,184
662,328;75,74;99,102;99,102
662,5;81,072;96,202;96,202
662,672;58,294;123,281;123,281
662,844;78,921;117,929;117,929
663,016;53,119;91,857;91,857
663,188;77,206;106,839;106,839
663,361;51,157;95,108;95,108
663,533;66,532;126,398;126,398
663,705;72,094;95,653;95,653
663,877;95,474;103,94;103,94
664,049;71,393;98,677;98,677
664,221;58,847;99,227;99,227
664,394;79,305;92,178;92,178
664,566;59,575;96,16;96,16
664,738;71,843;100,58;100,58
664,91;66,87;93,011;93,011
665,082;69,877;96,594;96,594
665,254;74,788;90,293;90,293
665,427;65,39;72,847;72,847
665,599;64,369;114,628;114,628
665,771;76,273;102,905;102,905
665,943;45,871;91,697;91,697
666,115;66,119;121,872;121,872
666,287;88,714;88,585;88,585
666,46;67,217;110,425;110,425
666,632;57,885;93,2;93,2
666,804;65,107;101,057;101,057
666,976;65,1;114,736;114,736
667,148;66,02;111,208;111,208
667,32;54,657;95,272;95,272
667,492;82,626;95,497;95,497
667,665;48,504;78,734;78,734
667,837;70,242;98,181;98,181
668,009;64,029;75,846;75,846
668,181;64,171;93,073;93,073
668,353;82,102;112,01;112,01
668,525;75,17;113,791;113,791
668,698;72,274;109,87;109,87
668,87;63,797;107,355;107,355
669,042;79,769;99,574;99,574
669,214;68,341;90,051;90,051
669,386;88,626;81,775;81,775
669,558;66,392;102,875;102,875
669,73;58,88;97,991;97,991
669,903;73,114;68,29;68,29
670,075;60,114;106,894;106,894
670,247;99,818;104,602;104,602
670,419;42,698;107,518;107,518
670,591;75,089;94,477;94,477
670,763;94,327;78,656;78,656
670,935;61,894;81,082;81,082
671,107;87,753;104,004;104,004
671,28;51,848;103,107;103,107
671,452;95,516;70,372;70,372
671,624;90,041;114,897;114,897
671,796;75,389;75,048;75,048
671,968;75,794;107,136;107,136
672,14;59,105;98,263;98,263
672,312;62,322;90,572;90,572
672,485;71,981;91,899;91,899
672,657;59,157;85,236;85,236
672,829;66,504;89,548;89,548
673,001;67,432;104,844;104,844
673,173;61,119;84,806;84,806
673,345;57,772;93,019;93,019
673,517;84,818;98,483;98,483
673,689;69,03;85,851;85,851
673,862;64,659;113,069;113,069
674,034;47,554;85,174;85,174
674,206;73,938;92,736;92,736
674,378;72,139;93,469;93,469
674,55;73,584;92,124;92,124
674,722;64,121;81,419;81,419
674,894;65,243;97,422;97,422
675,066;88,51;110,126;110,126
675,239;61,969;74,686;74,686
675,411;71,944;86,34;86,34
675,583;65,908;94,738;94,738
675,755;62,902;99,707;99,707
675,927;62,172;88,145;88,145
676,099;42,26;103,78;103,78
676,271;50,654;85,085;85,085
676,443;67,279;121,773;121,773
676,615;75,583;123,359;123,359
676,788;43,088;96,774;96,774
676,96;67,698;82,036;82,036
677,132;46,086;100,705;100,705
677,304;64,673;107,699;107,699
677,476;61,989;82,137;82,137
677,648;67,64;78,532;78,532
677,82;57,941;104,286;104,286
677,992;72,331;116,813;116,813
678,164;84,984;75,328;75,328
678,337;77,423;103,929;103,929
678,509;71,549;83,728;83,728
678,681;60,813;101,059;101,059
678,853;78,876;97,372;97,372
679,025;69,331;84,656;84,656
679,197;82,799;92,206;92,206
679,369;106,844;114,649;114,649
679,541;91,263;94,399;94,399
679,713;79,565;66,281;66,281
679,885;87,991;123,93;123,93
680,058;62,757;80,916;80,916
680,23;82,159;103,699;103,699
680,402;55,332;78,206;78,206
680,574;70,46;99,773;99,773
680,746;74,491;89,516;89,516
680,918;75,125;84,734;84,734
681,09;60,513;85,649;85,649
681,262;88,101;90,028;90,028
681,434;86,55;115,506;115,506
681,606;72,914;104,44;104,44
681,778;69,036;91,197;91,197
681,951;77,713;91,722;91,722
682,123;62,781;104,14;104,14
682,295;89,238;114,981;114,981
682,467;55,704;96,653;96,653
682,639;59,347;66,998;66,998
682,811;59,61;91,135;91,135
682,983;42,15;91,982;91,982
683,155;99,697;98,442;98,442
683,327;67,208;109,086;109,086
683,499;102,168;124,711;124,711
683,671;71,772;101,181;101,181
683,843;69,808;105,977;105,977
684,016;79,255;91,121;91,121
684,188;45,989;67,287;67,287
684,36;57,997;86,367;86,367
684,532;77,636;87,249;87,249
684,704;65,198;90,644;90,644
684,876;54,398;80,292;80,292
685,048;46,374;74,116;74,116
685,22;92,344;74,217;74,217
685,392;84,55;95,209;95,209
685,564;86,456;102,914;102,914
685,736;69,758;89,203;89,203
685,908;93,859;103,866;103,866
686,08;87,391;133,006;133,006
686,253;70,016;72,448;72,448
686,425;86,072;117,005;117,005
686,597;85,431;100,03;100,03
686,769;80,067;110,249;110,249
686,941;49,209;74,525;74,525
687,113;72,561;92,781;92,781
687,285;49,196;87,738;87,738
687,457;72,581;110,104;110,104
687,629;70,147;125,204;125,204
687,801;59,503;117,459;117,459
687,973;60,926;100,405;100,405
688,145;62,255;97,587;97,587
688,317;39,646;79,673;79,673
688,489;64,905;98,758;98,758
688,661;70,631;66,166;66,166
688,834;47,48;89,451;89,451
689,006;33,334;39,48;39,48
689,178;66,216;112,185;112,185
689,35;64,23;78,774;78,774
689,522;72,935;122,013;122,013
689,694;75,555;103,793;103,793
689,866;71,259;92,884;92,884
690,038;73,842;86,936;86,936
690,21;81,673;116,285;116,285
690,382;68,603;105,264;105,264
690,554;46,161;83,977;83,977
690,726;42,099;87,166;87,166
690,898;56,093;94,722;94,722
691,07;55,358;104,78;104,78
691,242;74,135;101,685;101,685
691,414;45,275;90,021;90,021
691,586;54,859;105,123;105,123
691,758;69,983;91,22;91,22
691,93;64,387;93,32;93,32
692,103;67,191;83,925;83,925
692,275;68,105;110,44;110,44
692,447;70,268;95,626;95,626
692,619;61,531;103,799;103,799
692,791;59,545;84,59;84,59
692,963;57,706;99,498;99,498
693,135;51,289;82,575;82,575
693,307;74,52;116,603;116,603
693,479;60,984;100,477;100,477
693,651;51,477;112,874;112,874
693,823;51,076;93,534;93,534
693,995;43,24;97,348;97,348
694,167;61,215;102,379;102,379
694,339;74,715;98,274;98,274
694,511;70,954;113,545;113,545
694,683;76,617;103,891;103,891
694,855;66,897;108,599;108,599
695,027;47,793;114,578;114,578
695,199;71,528;120,483;120,483
695,371;62,744;112,443;112,443
695,543;77,314;103,745;103,745
695,715;70,359;89,183;89,183
695,887;43,611;86,299;86,299
696,059;69,329;88,668;88,668
696,231;85,746;95,935;95,935
696,403;48,465;102,147;102,147
696,575;76,99;140,397;140,397
696,747;72,459;102,214;102,214
696,919;70,886;114,679;114,679
697,092;71,289;102,632;102,632
697,264;35,398;77,34;77,34
697,436;66,941;126,839;126,839
697,608;78,528;89,958;89,958
697,78;67,594;95,511;95,511
697,952;54,376;98,865;98,865
698,124;38,837;87,003;87,003
698,296;73,377;100,712;100,712
698,468;48,534;111,058;111,058
698,64;53,087;98,672;98,672
698,812;67,131;107,802;107,802
698,984;52,878;89,852;89,852
699,156;61,827;79,875;79,875
699,328;89,549;142,375;142,375
699,5;60,402;74,345;74,345
699,672;38,346;79,935;79,935
699,844;44,916;86,129;86,129
700,016;46,267;63,744;63,744
700,188;71,272;115,052;115,052
700,36;67,287;99,498;99,498
700,532;68,194;136,299;136,299
700,704;65,98;100,943;100,943
700,876;59,207;108,444;108,444
701,048;74,716;71,451;71,451
701,22;72,744;110,872;110,872
701,392;70,347;94,726;94,726
701,564;53,803;120,164;120,164
701,736;54,361;92,054;92,054
701,908;51,488;98,016;98,016
702,08;81,689;81,02;81,02
702,252;70,353;70,76;70,76
702,424;55,682;93,089;93,089
702,596;64,895;99,436;99,436
702,768;66,971;104,786;104,786
702,94;54,292;113,796;113,796
703,112;26,525;94,848;94,848
703,284;62,978;87,417;87,417
703,456;49,381;90,783;90,783
703,628;62,456;105,925;105,925
703,8;43,369;102,35;102,35
703,972;51,44;105,978;105,978
704,144;66,543;122,634;122,634
704,316;84,68;109,793;109,793
704,488;74,198;97,293;97,293
704,66;60,629;82,003;82,003
704,832;68,075;110,42;110,42
705,004;62,748;113,65;113,65
705,176;58,454;100,655;100,655
705,348;52,941;79,779;79,779
705,52;45,454;87,292;87,292
705,692;56,761;90,367;90,367
705,864;66,577;108,051;108,051
706,036;63,39;103,486;103,486
706,208;57,181;115,479;115,479
706,38;60,401;95,777;95,777
706,552;44,661;90,74;90,74
706,724;61,459;131,13;131,13
706,896;71,281;96,932;96,932
707,068;62,725;129,534;129,534
707,24;76,93;117,661;117,661
707,412;61,895;116,818;116,818
707,584;62,887;108,614;108,614
707,756;47,54;82,004;82,004
707,928;52,724;95,826;95,826
708,099;67,452;100,121;100,121
708,271;73,876;131,725;131,725
708,443;56,774;117,103;117,103
708,615;58,073;107,602;107,602
708,787;91,388;109,206;109,206
708,959;68,768;117,425;117,425
709,131;63,348;88,601;88,601
709,303;35,746;79,095;79,095
709,475;83,371;128,678;128,678
709,647;69,119;121,321;121,321
709,819;71,491;106,02;106,02
709,991;60,212;88,222;88,222
710,163;53,485;126,126;126,126
710,335;54,428;133,177;133,177
710,507;82,505;93,843;93,843
710,679;50,804;126,487;126,487
710,851;57,231;101,147;101,147
711,023;58,017;102,943;102,943
711,195;40,105;123,511;123,511
711,367;19,596;105,676;105,676
711,539;73,777;126,867;126,867
711,711;94,612;106,251;106,251
711,883;67,67;145,61;145,61
712,055;60,585;124,008;124,008
712,227;46,387;160,748;160,748
712,399;61,055;137,984;137,984
712,571;56,309;107,388;107,388
712,743;67,093;136,588;136,588
712,915;67,613;119,566;119,566
713,086;61,059;103,714;103,714
713,258;35,631;105,441;105,441
713,43;52,221;105,529;105,529
713,602;58,489;121,496;121,496
713,774;72,93;148,67;148,67
713,946;61,155;109,175;109,175
714,118;67,244;134,811;134,811
714,29;40,461;87,529;87,529
714,462;59,024;106,085;106,085
714,634;50,341;130,025;130,025
714,806;60,73;103,973;103,973
714,978;49,542;110,408;110,408
715,15;59,11;106,731;106,731
715,322;95,13;104,671;104,671
715,494;66,322;90,575;90,575
715,666;66,497;108,289;108,289
715,838;85,562;115,079;115,079
716,01;73,505;111,752;111,752
716,182;63,491;114,326;114,326
716,353;55,142;86,418;86,418
716,525;52,283;136,691;136,691
716,697;69,975;101,722;101,722
716,869;68,284;101,033;101,033
717,041;84,013;131,735;131,735
717,213;85,82;128,874;128,874
717,385;81,156;91,999;91,999
717,557;86,179;104,705;104,705
717,729;50,661;100,599;100,599
717,901;80,424;124,125;124,125
718,073;56,98;87,228;87,228
718,245;67,509;106,259;106,259
718,417;45,454;94,431;94,431
718,589;64,526;91,674;91,674
718,761;74,007;113,887;113,887
718,933;62,328;93,315;93,315
719,104;56,513;127,005;127,005
719,276;72,906;91,498;91,498
719,448;86,068;106,235;106,235
719,62;68,761;88,756;88,756
719,792;86,304;102,729;102,729
719,964;78,965;108,859;108,859
720,136;71,912;100,668;100,668
720,308;95,004;101,286;101,286
720,48;70,72;102,767;102,767
720,652;60,793;108,519;108,519
720,824;58,48;101,127;101,127
720,996;67,548;76,261;76,261
721,168;72,412;136,681;136,681
721,339;73,076;112,404;112,404
721,511;66,803;101,777;101,777
721,683;93,967;119,395;119,395
721,855;66,537;145,294;145,294
722,027;93,472;110,314;110,314
722,199;73,094;122,973;122,973
722,371;90,307;112,827;112,827
722,543;56,628;120,427;120,427
722,715;67,033;129,04;129,04
722,887;78,967;108,953;108,953
723,059;58,654;114,499;114,499
723,231;79,856;117,999;117,999
723,402;49,887;103,43;103,43
723,574;81,48;119,755;119,755
723,746;54,492;113,029;113,029
723,918;46,269;109,822;109,822
724,09;61,521;101,321;101,321
724,262;52,989;99,842;99,842
724,434;67,648;71,6;71,6
724,606;77,698;121,296;121,296
724,778;52,775;118,075;118,075
724,95;78,87;92,77;92,77
725,121;65,157;86,313;86,313
725,293;83,413;126,731;126,731
725,465;84,891;131,893;131,893
725,637;63,182;93,973;93,973
725,809;90,573;108,81;108,81
725,981;76,967;109,361;109,361
726,153;80,192;106,152;106,152
726,325;84,421;115,764;115,764
726,497;104,711;144,438;144,438
726,669;71,691;135,555;135,555
726,84;51,786;113,543;113,543
727,012;83,62;99,106;99,106
727,184;64,896;116,203;116,203
727,356;70,718;119,177;119,177
727,528;78,534;123,812;123,812
727,7;71,711;106,056;106,056
727,872;71,275;132,864;132,864
728,044;61,749;105,721;105,721
728,216;50,59;103,233;103,233
728,387;84,262;113,178;113,178
728,559;68,224;89,093;89,093
728,731;79,43;122,533;122,533
728,903;76,182;122,956;122,956
729,075;72,528;133,217;133,217
729,247;71,704;99,666;99,666
729,419;71,535;128,917;128,917
729,591;73,504;82,717;82,717
729,763;85,492;122,769;122,769
729,934;79,358;104,382;104,382
730,106;83,704;118,7;118,7
730,278;80,999;125,973;125,973
730,45;62,932;121,905;121,905
730,622;58,6;90,027;90,027
730,794;44,344;91,561;91,561
730,966;57,19;101,39;101,39
731,138;85,89;124,29;124,29
731,309;67,784;100,065;100,065
731,481;91,077;96,737;96,737
731,653;59,594;131,733;131,733
731,825;47,709;137,912;137,912
731,997;62,099;118,776;118,776
732,169;50,841;134,636;134,636
732,341;50,661;112,79;112,79
732,513;85,199;123,456;123,456
732,684;67,084;93,207;93,207
732,856;70,863;128,612;128,612
733,028;78,587;113,522;113,522
733,2;68,361;129,855;129,855
733,372;92,819;139,852;139,852
733,544;81,761;111,103;111,103
733,716;51,863;72,351;72,351
733,888;60,051;149,949;149,949
734,059;73,379;128,311;128,311
734,231;69,473;113,358;113,358
734,403;64,757;128,512;128,512
734,575;64,756;137,209;137,209
734,747;70,348;114,188;114,188
734,919;63,245;74,339;74,339
735,091;85,89;87,586;87,586
735,262;97,768;119,372;119,372
735,434;59,265;105,22;105,22
735,606;60,223;134,451;134,451
735,778;64,238;123,81;123,81
735,95;79,709;119,412;119,412
736,122;59,597;111,183;111,183
736,294;69,333;109,713;109,713
736,465;63,156;126,041;126,041
736,637;79,405;117,032;117,032
736,809;67,521;97,878;97,878
736,981;87,489;129,13;129,13
737,153;70,185;111,12;111,12
737,325;73,535;102,247;102,247
737,497;67,24;100,158;100,158
737,668;80,951;117,036;117,036
737,84;49,321;116,715;116,715
738,012;75,366;115,37;115,37
738,184;90,407;114,308;114,308
738,356;68,123;126,017;126,017
738,528;68,145;130,119;130,119
738,699;69,856;104,675;104,675
738,871;59,019;135,465;135,465
739,043;78,701;169,956;169,956
739,215;59,507;100,308;100,308
739,387;75,792;134,552;134,552
739,559;64,738;109,387;109,387
739,73;73,969;94,301;94,301
739,902;66,841;128,384;128,384
740,074;97,951;117,758;117,758
740,246;71,357;102,271;102,271
740,418;72,851;128,319;128,319
740,59;60,557;130,943;130,943
740,762;80,496;172,087;172,087
740,933;78,887;134,009;134,009
741,105;83,987;72,495;72,495
741,277;66,044;92,942;92,942
741,449;58,921;120,183;120,183
741,621;89,724;118,174;118,174
741,793;86,697;120,626;120,626
741,964;78,468;73,168;73,168
742,136;79,665;145,57;145,57
742,308;89,823;132,497;132,497
742,48;59,348;132,532;132,532
742,652;59,374;135,405;135,405
742,823;73,911;130,312;130,312
742,995;85,349;115,283;115,283
743,167;100,112;163,182;163,182
743,339;90,164;180,619;180,619
743,511;59,601;135,886;135,886
743,683;67,463;150,204;150,204
743,854;56,34;120,407;120,407
744,026;67,996;142,397;142,397
744,198;60,065;107,767;107,767
744,37;60,239;125,585;125,585
744,542;55,57;111,038;111,038
744,714;77,681;138,737;138,737
744,885;62,109;100,402;100,402
745,057;82,465;147,613;147,613
745,229;57,003;138,196;138,196
745,401;84,668;166,523;166,523
745,573;87,73;124,243;124,243
745,744;81,415;93,425;93,425
745,916;64,533;88,603;88,603
746,088;77,326;133,32;133,32
746,26;48,505;102,693;102,693
746,432;60,421;87,689;87,689
746,603;70,27;147,41;147,41
746,775;55,229;85,298;85,298
746,947;73,407;148,548;148,548
747,119;71,291;135,299;135,299
747,291;68,563;168,344;168,344
747,462;64,365;149,708;149,708
747,634;43,789;87,176;87,176
747,806;46,652;141,635;141,635
747,978;42,022;106,943;106,943
748,15;53,773;114,616;114,616
748,322;39,296;104,664;104,664
748,493;61,478;123,847;123,847
748,665;76,494;154,857;154,857
748,837;91,106;180,805;180,805
749,009;49,819;131,423;131,423
749,181;55,792;144,653;144,653
749,352;92,826;135,979;135,979
749,524;70,16;130,259;130,259
749,696;54,064;142,432;142,432
749,868;46,968;118,838;118,838
750,04;59,716;126,792;126,792
750,211;49,146;142,646;142,646
750,383;60,473;140,574;140,574
750,555;45,919;147,342;147,342
750,727;69,97;133,836;133,836
750,898;77,499;109,214;109,214
751,07;90,289;119,921;119,921
751,242;109,156;157,957;157,957
751,414;78,773;189,415;189,415
751,586;59,532;145,327;145,327
751,757;101,454;166,166;166,166
751,929;64,571;118,028;118,028
752,101;58,656;178,962;178,962
752,273;66,852;124,259;124,259
752,445;94,536;166,507;166,507
752,616;64,138;120,606;120,606
752,788;86,376;112,292;112,292
752,96;70,39;102,325;102,325
753,132;55,958;111,247;111,247
753,303;84,766;135,35;135,35
753,475;69,418;86,859;86,859
753,647;80,777;95,49;95,49
753,819;90,812;183,759;183,759
753,991;89,977;138,369;138,369
754,162;79,626;153,709;153,709
754,334;86,289;152,384;152,384
754,506;71,837;131,174;131,174
754,678;69,081;143,847;143,847
754,849;96,494;127,753;127,753
755,021;86,397;172,08;172,08
755,193;55,992;133,243;133,243
755,365;52,281;119,464;119,464
755,537;32,061;102,275;102,275
755,708;69,21;150,938;150,938
755,88;77,763;171,477;171,477
756,052;70,489;114,472;114,472
756,224;107,606;169,521;169,521
756,395;66,593;83,095;83,095
756,567;81,15;179,522;179,522
756,739;96,894;146,114;146,114
756,911;95,481;182,395;182,395
757,082;75,19;126,311;126,311
757,254;81,731;137,135;137,135
757,426;97,558;150,579;150,579
757,598;109,005;151,071;151,071
757,77;100,432;116,912;116,912
757,941;107,738;123,031;123,031
758,113;110,007;124,937;124,937
758,285;133,824;147,383;147,383
758,457;127,791;144,477;144,477
758,628;163,534;156,653;156,653
758,8;137,406;160,359;160,359
758,972;160,86;114,236;114,236
759,144;152,61;182,236;182,236
759,315;173,353;117,834;117,834
759,487;159,279;130,813;130,813
759,659;170,316;115,051;115,051
759,831;191,096;156,02;156,02
760,002;169,021;162,797;162,797
760,174;194,877;184,075;184,075
760,346;175,896;144,953;144,953
760,518;165,502;140,513;140,513
760,689;176,872;151,278;151,278
760,861;157,881;118,828;118,828
761,033;163,321;124,218;124,218
761,205;154,936;129,604;129,604
761,376;151,745;120,427;120,427
761,548;226,948;176,687;176,687
761,72;180,745;142,914;142,914
761,892;223,583;141,099;141,099
762,063;203,449;128,434;128,434
762,235;234,952;156,537;156,537
762,407;259,616;148,449;148,449
762,579;263,386;132,39;132,39
762,75;249,764;133,315;133,315
762,922;319,629;179,797;179,797
763,094;308,32;144,026;144,026
763,265;316,763;150,858;150,858
763,437;355,128;165,645;165,645
763,609;343,937;172,76;172,76
763,781;378,742;148,355;148,355
763,952;426,926;127,598;127,598
764,124;425,168;145,268;145,268
764,296;457,628;168,157;168,157
764,468;447,793;179,979;179,979
764,639;481,442;155,554;155,554
764,811;493,325;158,815;158,815
764,983;542,229;161,36;161,36
765,155;570,619;167,107;167,107
765,326;639,725;197,247;197,247
765,498;672,91;136,425;136,425
765,67;697,286;147,095;147,095
765,841;717,035;179,831;179,831
766,013;831,473;166,08;166,08
766,185;832,152;194,566;194,566
766,357;965,086;186,038;186,038
766,528;1081,22;206,828;206,828
766,7;1969,12;234,431;234,431
766,872;7778,61;389,292;389,292
767,044;15179,9;511,223;511,223
767,215;16319,4;732,835;732,835
767,387;16335,5;794,239;794,239
767,559;16309,7;848,011;848,011
767,73;16294,8;702,847;702,847
767,902;16310,7;515,576;515,576
768,074;9528,94;283,886;283,886
768,246;1601,49;216,556;216,556
768,417;1105,09;183,253;183,253
768,589;900,591;228,823;228,823
768,761;781,545;213,147;213,147
768,932;705,069;177,409;177,409
769,104;679,356;218,068;218,068
769,276;704,91;199,708;199,708
769,448;680,693;295,59;295,59
769,619;628,899;228,25;228,25
769,791;645,277;180,834;180,834
769,963;697,231;215,601;215,601
770,134;1245,16;256,847;256,847
770,306;4395,6;312,011;312,011
770,478;8823,34;349,233;349,233
770,649;13986,5;516,668;516,668
770,821;16325,5;560,646;560,646
770,993;16318,2;547,173;547,173
771,165;13103;471,795;471,795
771,336;8319,31;413,591;413,591
771,508;2949,5;191,434;191,434
771,68;766,529;176,7;176,7
771,851;557,848;179,275;179,275
772,023;359,57;166,425;166,425
772,195;320,117;173,269;173,269
772,367;276,11;152,409;152,409
772,538;229,602;126,523;126,523
772,71;225,291;202,927;202,927
772,882;201,956;166,722;166,722
773,053;203,645;153,211;153,211
773,225;173,968;144,251;144,251
773,397;147,32;194,791;194,791
773,568;138,561;210,099;210,099
773,74;141,908;172,873;172,873
773,912;94,061;152,002;152,002
774,083;137,612;228,937;228,937
774,255;96,099;142,671;142,671
774,427;89,381;167,964;167,964
774,599;84,85;186,657;186,657
774,77;67,613;179,173;179,173
774,942;87,385;119,443;119,443
775,114;82,256;138,917;138,917
775,285;79,733;150,313;150,313
775,457;100,229;185,041;185,041
775,629;92,907;172,606;172,606
775,8;73,684;125,701;125,701
775,972;65,202;132,13;132,13
776,144;87,577;197,912;197,912
776,315;51,046;165,901;165,901
776,487;85,651;206,535;206,535
776,659;49,63;126,947;126,947
776,83;82,095;111,806;111,806
777,002;69,978;116,053;116,053
777,174;51,779;167,873;167,873
777,345;77,529;143,332;143,332
777,517;51,883;191,582;191,582
777,689;64,69;121,521;121,521
777,86;66,099;188,556;188,556
778,032;73,853;200,87;200,87
778,204;64,987;164,866;164,866
778,375;51,401;110,716;110,716
778,547;35,26;151,444;151,444
778,719;69,243;202,727;202,727
778,89;67,781;172,314;172,314
779,062;50,118;184,132;184,132
779,234;68,245;186,316;186,316
779,406;61,07;200,001;200,001
779,577;45,701;176,231;176,231
779,749;60,057;198,681;198,681
779,921;55,631;142,302;142,302
780,092;73,202;182,365;182,365
780,264;33,575;160,076;160,076
780,435;73,28;184,755;184,755
780,607;72,941;179,91;179,91
780,779;79,549;162,764;162,764
780,95;82,528;204,678;204,678
781,122;90,249;224,727;224,727
781,294;69,076;179,732;179,732
781,465;65,128;179,249;179,249
781,637;50,099;134,218;134,218
781,809;65,504;174,194;174,194
781,98;55,297;220,498;220,498
782,152;55,526;152,476;152,476
782,324;70,338;160,988;160,988
782,495;59,583;85,565;85,565
782,667;49,947;155,024;155,024
782,839;63,156;157,447;157,447
783,01;39,949;120,943;120,943
783,182;58,928;169,23;169,23
783,354;75,606;224,217;224,217
783,525;45,327;179,589;179,589
783,697;71,133;161,971;161,971
783,869;54,607;151,865;151,865
784,04;65,392;157,447;157,447
784,212;77,358;201,805;201,805
784,384;56,511;142,655;142,655
784,555;61,618;189,594;189,594
784,727;67,148;179,539;179,539
784,898;48,932;191,869;191,869
785,07;51,83;215,884;215,884
785,242;47,846;145,696;145,696
785,413;78,198;252,499;252,499
785,585;56,196;202,953;202,953
785,757;53,82;268,38;268,38
785,928;80,266;184,758;184,758
786,1;73,125;216,901;216,901
786,272;124,602;227,643;227,643
786,443;116,547;267,521;267,521
786,615;127,162;229,331;229,331
786,787;114,593;248,723;248,723
786,958;82,016;246,112;246,112
787,13;71,53;205,393;205,393
787,301;67,487;159,092;159,092
787,473;60,609;176,911;176,911
787,645;40,53;122,164;122,164
787,816;73,713;216,175;216,175
787,988;65,229;212,782;212,782
788,16;67,953;191,895;191,895
788,331;49,931;226,456;226,456
788,503;80,32;247,091;247,091
788,674;61,613;236,67;236,67
788,846;42,636;208,617;208,617
789,018;70,188;192,073;192,073
789,189;73,312;204,477;204,477
789,361;57,413;160,391;160,391
789,533;78,545;178,59;178,59
789,704;97,16;202,054;202,054
789,876;81,971;202,372;202,372
790,047;99,169;167,271;167,271
790,219;72,158;204,426;204,426
790,391;80,123;199,14;199,14
790,562;47,33;190,765;190,765
790,734;60,132;196,884;196,884
790,906;47,548;204,298;204,298
791,077;75,524;206;206
791,249;73,729;199,056;199,056
791,42;43,225;155,739;155,739
791,592;41,955;186,199;186,199
791,764;44,019;223,975;223,975
791,935;55,176;178,964;178,964
792,107;48,67;169,296;169,296
792,278;32,459;102,434;102,434
792,45;49,734;219,324;219,324
792,622;67,13;184,971;184,971
792,793;32,336;206,753;206,753
792,965;61,813;185,096;185,096
793,137;50,167;195,696;195,696
793,308;77,357;209,142;209,142
793,48;47,438;190,071;190,071
793,651;25,704;163,388;163,388
793,823;40,753;200,486;200,486
793,995;65,575;237,881;237,881
794,166;56,453;117,848;117,848
794,338;34,183;182,651;182,651
794,509;46,548;161,982;161,982
794,681;68,606;238,504;238,504
794,853;39,646;190,222;190,222
795,024;28,872;140,442;140,442
795,196;36,204;127,776;127,776
795,367;71,623;185,038;185,038
795,539;49,167;253,909;253,909
795,711;70,682;203,981;203,981
795,882;85,585;230,426;230,426
796,054;52,526;212,864;212,864
796,225;68,711;163,463;163,463
796,397;49,962;181,45;181,45
796,569;63,054;157,117;157,117
796,74;36,379;217,405;217,405
796,912;58,182;233,63;233,63
797,083;58,97;224,105;224,105
797,255;41,016;116,942;116,942
797,426;38,704;229,003;229,003
797,598;46,616;243,469;243,469
797,77;49,779;225,637;225,637
797,941;64,615;180,452;180,452
798,113;52,903;197,585;197,585
798,284;61,224;212,383;212,383
798,456;57,616;243,976;243,976
798,628;52,107;209,545;209,545
798,799;40,943;145,432;145,432
798,971;54,353;254,157;254,157
799,142;50,331;203,201;203,201
799,314;44,607;254,771;254,771
799,486;51,529;180,678;180,678
799,657;44,715;152,02;152,02
799,829;59,394;193,901;193,901
800;48,672;255,992;255,992
800,172;66,998;187,034;187,034
800,343;65,486;196,363;196,363
800,515;67,407;224,976;224,976
800,687;33,437;228,062;228,062
800,858;36,008;188,603;188,603
801,03;39,91;173,012;173,012
801,201;43,378;240,683;240,683
801,373;83,697;229,234;229,234
801,544;58,374;249,906;249,906
801,716;69,575;213,385;213,385
801,888;57,232;257,008;257,008
802,059;51,982;231,191;231,191
802,231;74,166;289,201;289,201
802,402;21,378;192,297;192,297
802,574;63,452;229,744;229,744
802,745;53,285;146,36;146,36
802,917;71,969;235,781;235,781
803,089;41,801;137,026;137,026
803,26;48,907;195,727;195,727
803,432;33,104;207,336;207,336
803,603;29,931;170,072;170,072
803,775;68,498;122,766;122,766
803,946;43,268;222,904;222,904
804,118;39,707;162,404;162,404
804,289;36,243;167,837;167,837
804,461;42,505;181,845;181,845
804,633;59,907;220,142;220,142
804,804;44,466;249,693;249,693
804,976;60,15;344,276;344,276
805,147;49,759;268,326;268,326
805,319;46,576;231,276;231,276
805,49;43,724;170,464;170,464
805,662;62,619;285,28;285,28
805,833;38,616;237,252;237,252
806,005;75,267;221,851;221,851
806,177;45,735;187,756;187,756
806,348;62,669;196,758;196,758
806,52;47,21;172,217;172,217
806,691;42,507;256,902;256,902
806,863;35,056;222,484;222,484
807,034;44,799;223,105;223,105
807,206;44,076;209,118;209,118
807,377;40,938;198,07;198,07
807,549;37,03;192,131;192,131
807,721;32,712;206,333;206,333
807,892;40,198;241,591;241,591
808,064;57,183;210,817;210,817
808,235;74,188;322,133;322,133
808,407;59,651;241,659;241,659
808,578;34,448;236,541;236,541
808,75;80,628;233,833;233,833
808,921;65,415;284,119;284,119
809,093;49,322;241,544;241,544
809,264;50,153;260,914;260,914
809,436;78,317;272,502;272,502
809,607;36,424;225,542;225,542
809,779;46,009;269,835;269,835
809,951;58,517;269,555;269,555
810,122;34,213;203,766;203,766
810,294;63,276;283,547;283,547
810,465;50,233;217,322;217,322
810,637;38,663;227,739;227,739
810,808;41,172;287,95;287,95
810,98;48,09;239,973;239,973
811,151;55,911;258,696;258,696
811,323;54,235;306,398;306,398
811,494;45,6;200,72;200,72
811,666;51,573;193,528;193,528
811,837;61,267;163,341;163,341
812,009;65,474;219,894;219,894
812,18;60,419;227,407;227,407
812,352;77,255;258,718;258,718
812,523;73,254;256,679;256,679
812,695;69,604;284,665;284,665
812,867;46,512;208,632;208,632
813,038;55,525;200,769;200,769
813,21;49,587;290,432;290,432
813,381;64,442;236,624;236,624
813,553;87,3;290,671;290,671
813,724;73,573;251,237;251,237
813,896;47,028;215,046;215,046
814,067;61,192;325,101;325,101
814,239;46,99;259,206;259,206
814,41;51,322;210,848;210,848
814,582;54,806;221,341;221,341
814,753;46,964;291,206;291,206
814,925;56,808;287,723;287,723
815,096;33,982;152,752;152,752
815,268;52,173;275,105;275,105
815,439;51,992;254,801;254,801
815,611;62,222;187,535;187,535
815,782;65,37;239,196;239,196
815,954;62,834;267,778;267,778
816,125;36,746;269,416;269,416
816,297;51,03;228,001;228,001
816,468;56,056;248,122;248,122
816,64;44,908;191,869;191,869
816,811;41,205;258,803;258,803
816,983;49,519;253,411;253,411
817,154;48,647;246,803;246,803
817,326;43,363;346,881;346,881
817,497;33,886;178,951;178,951
817,669;58,601;322,36;322,36
817,84;78,113;260,535;260,535
818,012;49,277;269,774;269,774
818,183;22,761;203,881;203,881
818,355;70,738;337,817;337,817
818,526;54,419;276,233;276,233
818,698;49,857;186,766;186,766
818,869;52,749;265,516;265,516
819,041;65,432;255,972;255,972
819,212;65,101;223,176;223,176
819,384;61,194;371,302;371,302
819,555;63,278;309,395;309,395
819,727;57,537;215,407;215,407
819,898;38,139;320,556;320,556
820,07;37,839;281,113;281,113
820,241;61,806;318,189;318,189
820,413;52,813;285,909;285,909
820,584;74,799;256,785;256,785
820,756;59,373;292,909;292,909
820,927;37,054;421,978;421,978
821,099;66,054;353,137;353,137
821,27;69,16;461,021;461,021
821,442;56,88;363,188;363,188
821,613;49,24;279,664;279,664
821,785;35,892;293,588;293,588
821,956;52,685;289,369;289,369
822,128;47,335;325,124;325,124
822,299;40,251;259,744;259,744
822,471;73,425;323,004;323,004
822,642;31,696;245,156;245,156
822,814;63,673;378,32;378,32
822,985;73,237;370,126;370,126
823,157;74,518;318,262;318,262
823,328;66,283;287,339;287,339
823,499;56,729;332,002;332,002
823,671;35,114;240,435;240,435
823,842;59,648;280,033;280,033
824,014;88,394;388,916;388,916
824,185;48,312;317,047;317,047
824,357;47,311;277,088;277,088
824,528;66,114;307,317;307,317
824,7;51,391;238,431;238,431
824,871;50,262;276,574;276,574
825,043;84,071;185,917;185,917
825,214;53,363;278,486;278,486
825,386;66,381;288,645;288,645
825,557;74,129;263,612;263,612
825,729;57,667;225,113;225,113
825,9;29,02;237,248;237,248
826,072;63,68;331,325;331,325
826,243;50,037;350,264;350,264
826,414;52,724;299,852;299,852
826,586;62,961;284,603;284,603
826,757;27,636;225,165;225,165
826,929;65,466;363,034;363,034
827,1;69,352;281,267;281,267
827,272;53,791;184,166;184,166
827,443;73,628;302,418;302,418
827,615;69,252;326,919;326,919
827,786;58,206;275,659;275,659
827,958;63,301;248,094;248,094
828,129;52,998;402,939;402,939
828,301;72,192;272,773;272,773
828,472;53,207;238,717;238,717
828,643;59,598;279,085;279,085
828,815;44,728;303,667;303,667
828,986;57,115;338,613;338,613
829,158;74,222;273,83;273,83
829,329;30,05;197,921;197,921
829,501;58,184;256,259;256,259
829,672;84,871;380,792;380,792
829,844;61,071;306,562;306,562
830,015;62,108;248,836;248,836
830,186;69,498;407,1;407,1
830,358;75,624;257,48;257,48
830,529;56,4;309,335;309,335
830,701;75,563;332,816;332,816
830,872;44,926;302,188;302,188
831,044;63,969;322,151;322,151
831,215;77,285;293,754;293,754
831,387;75,557;324,188;324,188
831,558;57,834;277,125;277,125
831,729;70,013;296,091;296,091
831,901;72,762;345,444;345,444
832,072;61,837;316,945;316,945
832,244;53,77;359,345;359,345
832,415;45,551;382,835;382,835
832,587;73,594;322,128;322,128
832,758;65,891;262,236;262,236
832,93;69,357;367,036;367,036
833,101;48,009;327,111;327,111
833,272;32,803;307,857;307,857
833,444;65,169;316,499;316,499
833,615;88,293;396,557;396,557
833,787;40,543;413,311;413,311
833,958;65,067;327,147;327,147
834,13;56,702;372,69;372,69
834,301;52,803;284,343;284,343
834,472;54,364;462,408;462,408
834,644;48,639;334,778;334,778
834,815;60,487;332,428;332,428
834,987;41,226;155,425;155,425
835,158;55,613;275,33;275,33
835,33;74,114;400,446;400,446
835,501;39,595;392,295;392,295
835,672;67,444;375,079;375,079
835,844;46,047;300,664;300,664
836,015;70,774;477,451;477,451
836,187;38,162;264,524;264,524
836,358;76,917;346,391;346,391
836,53;52,919;365,069;365,069
836,701;36,937;450,605;450,605
836,872;44,944;368,823;368,823
837,044;55,562;322,424;322,424
837,215;63,073;380,591;380,591
837,387;75,248;309,377;309,377
837,558;50,764;374,972;374,972
837,729;31,238;345,32;345,32
837,901;41,527;374,528;374,528
838,072;39,114;356,13;356,13
838,244;79,643;389,424;389,424
838,415;43,125;367,541;367,541
838,587;67,525;255,927;255,927
838,758;48,059;393,495;393,495
838,929;55,002;335,381;335,381
839,101;57,942;324,283;324,283
839,272;50,065;339,003;339,003
839,444;49,853;369,787;369,787
839,615;36,656;277,721;277,721
839,786;50,271;321,647;321,647
839,958;30,193;345,246;345,246
840,129;44,813;279,061;279,061
840,301;40,588;474,867;474,867
840,472;47,432;421,866;421,866
840,643;42,697;371,412;371,412
840,815;49,34;489,141;489,141
840,986;55,444;438,729;438,729
841,158;68,558;415,686;415,686
841,329;59,659;277,73;277,73
841,5;38,79;302,653;302,653
841,672;45,276;413,46;413,46
841,843;43,522;318,033;318,033
842,015;46,237;347,64;347,64
842,186;43,294;401,876;401,876
842,357;49,571;439,726;439,726
842,529;58,335;398,58;398,58
842,7;71,39;266,991;266,991
842,872;68,549;474,421;474,421
843,043;47,412;384,572;384,572
843,214;34,127;424,998;424,998
843,386;46,194;521,523;521,523
843,557;61,229;361,464;361,464
843,729;60,596;445,547;445,547
843,9;26,49;336,538;336,538
844,071;50,176;420,965;420,965
844,243;52,253;349,81;349,81
844,414;45,692;419,775;419,775
844,585;51,543;380,692;380,692
844,757;46,256;449,539;449,539
844,928;43,652;331,036;331,036
845,1;45,723;359,186;359,186
845,271;41,918;453,92;453,92
845,442;28,713;351,087;351,087
845,614;56,52;575,071;575,071
845,785;19,55;255,603;255,603
845,956;56,964;450,974;450,974
846,128;56,487;574,227;574,227
846,299;16,124;440,878;440,878
846,471;50,29;421,748;421,748
846,642;41,495;396,397;396,397
846,813;43,651;440,172;440,172
846,985;59,07;384,206;384,206
847,156;37,864;312,595;312,595
847,328;48,881;446,251;446,251
847,499;72,295;348,108;348,108
847,67;62,259;451,025;451,025
847,842;29,385;404,022;404,022
848,013;53,977;367,667;367,667
848,184;63,976;517,991;517,991
848,356;38,031;357,243;357,243
848,527;49,866;416,668;416,668
848,698;37,27;391,094;391,094
848,87;41,257;441,173;441,173
849,041;52,947;414,505;414,505
849,213;55,666;481,469;481,469
849,384;59,401;371,578;371,578
849,555;41,224;418,157;418,157
849,727;41,733;474,659;474,659
849,898;66,256;483,849;483,849
850,069;63,719;404,896;404,896
850,241;49,28;424,339;424,339
850,412;48,257;350,894;350,894
850,583;44,353;459,087;459,087
850,755;40,287;244,019;244,019
850,926;50,055;426,707;426,707
851,098;33,593;360,463;360,463
851,269;39,108;366,723;366,723
851,44;39,774;487,752;487,752
851,612;63,124;331,217;331,217
851,783;47,447;412,456;412,456
851,954;39,24;491,989;491,989
852,126;38,09;420,311;420,311
852,297;60,514;496,053;496,053
852,468;28,736;443,256;443,256
852,64;60,683;341,628;341,628
852,811;32,03;464,275;464,275
852,982;43,737;583,705;583,705
853,154;54,992;487,416;487,416
853,325;53,57;327,898;327,898
853,496;45,04;479,422;479,422
853,668;42,926;521,191;521,191
853,839;35,667;375,31;375,31
854,01;46,4;548,821;548,821
854,182;56,198;553,502;553,502
854,353;49,993;478,584;478,584
854,525;45,946;497,83;497,83
854,696;46,13;470,74;470,74
854,867;30,459;293,013;293,013
855,039;48,779;401,7;401,7
855,21;51,772;450,02;450,02
855,381;35,09;368,436;368,436
855,553;44,479;358,624;358,624
855,724;43,173;422,75;422,75
855,895;45,1;447,855;447,855
856,067;50,43;422,593;422,593
856,238;47,922;613,84;613,84
856,409;38,634;368,613;368,613
856,581;39,734;491,829;491,829
856,752;45,545;423,187;423,187
856,923;55,118;404,85;404,85
857,095;28,877;409,607;409,607
857,266;33,667;428,033;428,033
857,437;47,415;541,176;541,176
857,609;28,214;430,144;430,144
857,78;47,474;383,709;383,709
857,951;38,695;392,708;392,708
858,123;59,964;582,299;582,299
858,294;46,996;528,352;528,352
858,465;39,168;479,299;479,299
858,637;45,89;573,828;573,828
858,808;53,45;417,44;417,44
858,979;41,902;355,073;355,073
859,15;40,819;473,834;473,834
859,322;32,212;576,329;576,329
859,493;50,183;590,419;590,419
859,664;40,564;492,754;492,754
859,836;9,254;379,021;379,021
860,007;32,662;499,398;499,398
860,178;48,229;531,664;531,664
860,35;55,1;469,553;469,553
860,521;63,711;475,671;475,671
860,692;53,956;549,258;549,258
860,864;47,432;452,466;452,466
861,035;54,181;459,833;459,833
861,206;58,613;686,745;686,745
861,378;38,415;524,873;524,873
861,549;50,887;435,715;435,715
861,72;42,042;529,791;529,791
861,892;25,59;350,139;350,139
862,063;66,977;535,921;535,921
862,234;36,449;524,495;524,495
862,405;45,504;592,959;592,959
862,577;41,418;353,646;353,646
862,748;45,628;494,85;494,85
862,919;73,911;565,352;565,352
863,091;34,459;495,836;495,836
863,262;38,535;611,434;611,434
863,433;42,227;510,626;510,626
863,605;48,041;548,936;548,936
863,776;18,357;552,595;552,595
863,947;48,976;647,366;647,366
864,118;43,38;652,92;652,92
864,29;39,22;628,871;628,871
864,461;47,505;517,602;517,602
864,632;55,32;564,768;564,768
864,804;47,822;422,251;422,251
864,975;66,762;532,556;532,556
865,146;40,337;338,097;338,097
865,318;29,85;462,196;462,196
865,489;60,19;528,295;528,295
865,66;69,025;650,163;650,163
865,831;25,296;483,771;483,771
866,003;41,23;741,536;741,536
866,174;53,965;663,803;663,803
866,345;32,539;456,082;456,082
866,517;40,748;540,701;540,701
866,688;59,863;706,704;706,704
866,859;43,475;490,384;490,384
867,03;51,954;546,971;546,971
867,202;46,737;571,234;571,234
867,373;40,224;523,709;523,709
867,544;27,067;458,867;458,867
867,716;40,645;644,036;644,036
867,887;60,649;560,806;560,806
868,058;25,472;701,028;701,028
868,229;71,727;658,968;658,968
868,401;32,022;643,84;643,84
868,572;35,712;435,512;435,512
868,743;36,221;529,808;529,808
868,915;33,518;498,842;498,842
869,086;51;600,598;600,598
869,257;50,155;504,646;504,646
869,428;44,9;614,603;614,603
869,6;49,197;559,606;559,606
869,771;46,282;419,632;419,632
869,942;43,669;504,316;504,316
870,114;63,65;724,239;724,239
870,285;27,824;673,267;673,267
870,456;65,54;537,52;537,52
870,627;35,589;560,673;560,673
870,799;38,818;440,264;440,264
870,97;46,106;446,952;446,952
871,141;57,731;625,824;625,824
871,312;30,729;524,406;524,406
871,484;40,004;772,824;772,824
871,655;23,935;651,531;651,531
871,826;51,63;620,086;620,086
871,998;47,376;600,66;600,66
872,169;33,484;375,202;375,202
872,34;28,178;357,618;357,618
872,511;55,087;597,196;597,196
872,683;45,062;576,773;576,773
872,854;27,34;566,501;566,501
873,025;38,159;737,715;737,715
873,196;50,826;555,349;555,349
873,368;69,034;615,828;615,828
873,539;47,254;749,439;749,439
873,71;57,387;520,782;520,782
873,881;48,661;569,535;569,535
874,053;56,551;494,795;494,795
874,224;48,314;779,721;779,721
874,395;31,91;635,553;635,553
874,566;65,361;680,958;680,958
874,738;59,339;634,535;634,535
874,909;64,365;776,778;776,778
875,08;71,237;759,823;759,823
875,251;54,813;538,512;538,512
875,423;49,134;600,466;600,466
875,594;42,5;432,658;432,658
875,765;33,866;752,009;752,009
875,936;55,621;688,31;688,31
876,108;25,475;655,254;655,254
876,279;30,347;664,535;664,535
876,45;52,443;484,961;484,961
876,621;44,752;608,481;608,481
876,793;44,555;521,97;521,97
876,964;50,005;703,983;703,983
877,135;18,875;418,552;418,552
877,306;30,596;505,734;505,734
877,478;40,225;595,554;595,554
877,649;23,337;503,828;503,828
877,82;46,586;832,847;832,847
877,991;37,808;598,001;598,001
878,163;30,05;603,474;603,474
878,334;34,123;518,68;518,68
878,505;28,09;755,363;755,363
878,676;57,436;490,274;490,274
878,848;36,827;636,255;636,255
879,019;54,626;723,124;723,124
879,19;24,819;588,37;588,37
879,361;41,544;653,742;653,742
879,532;45,657;756,265;756,265
879,704;24,611;587,123;587,123
879,875;32,648;490,867;490,867
880,046;21,011;358,395;358,395
880,217;36,79;637,357;637,357
880,389;27,127;526,78;526,78
880,56;54,7;722,727;722,727
880,731;55,19;555,395;555,395
880,902;46,578;786,796;786,796
881,074;62,823;803,809;803,809
881,245;39,124;624,007;624,007
881,416;43,385;496,999;496,999
881,587;45,899;501,871;501,871
881,758;45,638;729,311;729,311
881,93;38,011;634,631;634,631
882,101;38,835;613,82;613,82
882,272;33,56;617,282;617,282
882,443;44,575;420,763;420,763
882,615;37,157;582,181;582,181
882,786;44,992;787,814;787,814
882,957;40,86;757,811;757,811
883,128;32,351;629,397;629,397
883,299;54,503;763,799;763,799
883,471;29,256;644,199;644,199
883,642;31,103;496,797;496,797
883,813;30,699;719,749;719,749
883,984;38,776;723,026;723,026
884,156;68,55;539,244;539,244
884,327;32,962;602,93;602,93
884,498;29,709;534,848;534,848
884,669;15,389;449,051;449,051
884,84;47,823;763,42;763,42
885,012;56,293;790,548;790,548
885,183;37,525;569,194;569,194
885,354;37,74;702,333;702,333
885,525;12,289;686,921;686,921
885,696;33,342;709,959;709,959
885,868;23,838;531,157;531,157
886,039;26,419;631,842;631,842
886,21;31,703;697,372;697,372
886,381;14,126;735,011;735,011
886,552;29,823;547,767;547,767
886,724;39,225;471,058;471,058
886,895;48,401;797,342;797,342
887,066;46,962;764,772;764,772
887,237;29,961;1000,04;1000,04
887,408;25,331;625,029;625,029
887,58;54,772;604,912;604,912
887,751;24,317;701,471;701,471
887,922;46,011;803,315;803,315
888,093;54,687;692,589;692,589
888,264;40,712;622,895;622,895
888,436;57,113;787,269;787,269
888,607;44,895;950,964;950,964
888,778;10,005;279,272;279,272
888,949;49,207;795,744;795,744
889,12;54,311;787,937;787,937
889,292;56,522;832,196;832,196
889,463;42,185;534,936;534,936
889,634;35,889;680,331;680,331
889,805;47,476;730,554;730,554
889,976;46,658;849,472;849,472
890,148;31,35;801,866;801,866
890,319;46,421;734,673;734,673
890,49;23,248;658,731;658,731
890,661;20,652;683,952;683,952
890,832;36,657;500,332;500,332
891,003;31,371;871,653;871,653
891,175;38,371;734,659;734,659
891,346;51,276;572,582;572,582
891,517;33,472;867,819;867,819
891,688;28,929;873,224;873,224
891,859;50,574;757,159;757,159
892,031;17,821;882,967;882,967
892,202;28,695;833,566;833,566
892,373;23,07;638,069;638,069
892,544;56,426;587,756;587,756
892,715;41,478;821,164;821,164
892,886;55,613;859,8;859,8
893,058;43,423;610,577;610,577
893,229;17,149;807,726;807,726
893,4;62,126;901,641;901,641
893,571;46,113;620,405;620,405
893,742;33,264;805,029;805,029
893,913;38,578;995,697;995,697
894,085;53,707;948,485;948,485
894,256;64,905;969,069;969,069
894,427;61,15;741,485;741,485
894,598;24,278;758,022;758,022
894,769;62,852;899,188;899,188
894,94;40,033;967,969;967,969
